Code,Staff,Service,Date,Time,TimeInt
JUNJ01,JJ,CON,03/14/2018,3:50:00 PM,950
NORJ01,JJ,SHCM,03/14/2018,4:00:00 PM,960
CORS01,JJ,SHCW,03/15/2018,2:10:00 PM,850
KERT01,JJ,SHCW,03/15/2018,10:00:00 AM,600
LEHJ01,JJ,SHCM,03/15/2018,6:00:00 PM,1080
SCHJ01,JJ,SHCM,03/15/2018,12:00:00 PM,720
SCHJ01,JJ,CCAMO,03/15/2018,12:50:00 PM,770
SCHJ02,JJ,SHCM,03/15/2018,3:20:00 PM,920
THOD01,JJ,SHCM,03/15/2018,1:10:00 PM,790
CHEW01,JJ,SHCW,03/16/2018,10:00:00 AM,600
PARC01,JJ,SHCW,03/16/2018,11:00:00 AM,660
SLEA01,JJ,SHCM,03/16/2018,12:00:00 PM,720
STEH01,JJ,SHCM,03/16/2018,1:00:00 PM,780
STRH01,JJ,SHCW,03/16/2018,5:40:00 PM,1060
TSUL01,JJ,SHCW,03/16/2018,4:30:00 PM,990
ERWS01,JJ,SHCW,03/20/2018,11:30:00 AM,690
HOT01,JJ,SHCW,03/20/2018,2:30:00 PM,870
HUDS01,JJ,SHCW,03/20/2018,10:30:00 AM,630
MAIK01,JJ,SHCW,03/20/2018,4:50:00 PM,1010
NGUS01,JJ,SHCW,03/20/2018,9:30:00 AM,570
BERI01,JJ,SHCM,03/21/2018,11:00:00 AM,660
CASH01,JJ,SHCW,03/21/2018,3:20:00 PM,920
KRIJ01,JJ,SHCW,03/21/2018,10:00:00 AM,600
POTR01,JJ,SHCM,03/21/2018,4:30:00 PM,990
ROLD01,JJ,SHCM,03/21/2018,12:50:00 PM,770
YUES01,JJ,SHCW,03/21/2018,9:00:00 AM,540
GALB01,JJ,SHCM,03/22/2018,5:30:00 PM,1050
GOSD01,JJ,SHCW,03/22/2018,1:10:00 PM,790
HYSA01,JJ,SHCM,03/22/2018,11:00:00 AM,660
OKEM01,JJ,SHCW,03/22/2018,2:20:00 PM,860
TAYD01,JJ,SHCW,03/22/2018,12:00:00 PM,720
DAV*01,JJ,SHCW,03/23/2018,5:20:00 PM,1040
DUFD01,JJ,CON,03/23/2018,10:40:00 AM,640
MOOH01,JJ,SHCW,03/23/2018,2:00:00 PM,840
MUMK01,JJ,SHCW,03/23/2018,3:10:00 PM,910
STEL01,JJ,SHCW,03/23/2018,4:10:00 PM,970
TAYE01,JJ,SHCM,03/23/2018,1:10:00 PM,790
WARG01,JJ,SHCW,03/23/2018,11:00:00 AM,660
APTM01,JJ,SHCM,03/24/2018,11:00:00 AM,660
HIMJ01,JJ,CON,03/24/2018,12:00:00 PM,720
BRES01,JJ,SHCW,03/27/2018,12:40:00 PM,760
BUSC01,JJ,SHCW,03/27/2018,4:30:00 PM,990
DESA01,JJ,SHCW,03/27/2018,6:00:00 PM,1080
FELH01,JJ,SHCW,03/27/2018,10:30:00 AM,630
MINA01,JJ,SHCW,03/27/2018,11:30:00 AM,690
CAND01,JJ,SHCM,03/28/2018,6:00:00 PM,1080
CAND01,JJ,CCAMO,03/28/2018,6:50:00 PM,1130
HOP01,JJ,SHCW,03/28/2018,2:40:00 PM,880
FLEC01,JJ,SHCW,03/29/2018,5:30:00 PM,1050
LINM01,JJ,SHCW,03/29/2018,11:00:00 AM,660
REDM01,JJ,SHCW,03/29/2018,2:00:00 PM,840
CHUC01,JJ,SHCW,03/30/2018,2:00:00 PM,840
PRIM01,JJ,SHCW,03/30/2018,3:10:00 PM,910
SLEA01,HOUSE,CON,04/01/2018,11:10:00 AM,670
BOSJ01,SINEAD,SHCW,04/03/2018,3:00:00 PM,900
BREH01,JJ,SHCW,04/03/2018,2:00:00 PM,840
DANJ01,SINEAD,SBD,04/03/2018,4:00:00 PM,960
DOWR01,BECKY,SHCW,04/03/2018,7:00:00 PM,1140
LINJ01,JJ,SHCW,04/03/2018,10:00:00 AM,600
NICP01,BECKY,SHCM,04/03/2018,3:30:00 PM,930
SKUD01,BECKY,SBD5+1,04/03/2018,10:00:00 AM,600
THOW01,JJ,SBD,04/03/2018,9:00:00 AM,540
WONM02,JJ,SBD,04/03/2018,8:00:00 AM,480
YATT01,BECKY,SHCM,04/03/2018,11:00:00 AM,660
BALJ01,SINEAD,SHCW,04/04/2018,10:00:00 AM,600
COLJ01,JJ,SHCM,04/04/2018,9:10:00 AM,550
KEN*01,SINEAD,SHCW,04/04/2018,11:00:00 AM,660
MARG01,JJ,SHCM,04/04/2018,3:20:00 PM,920
SARA01,JJ,SHCM,04/04/2018,1:00:00 PM,780
SCHH01,KELLY,CHLFH,04/04/2018,1:00:00 PM,780
SCHH01,SINEAD,SBD,04/04/2018,3:30:00 PM,930
SLUS01,JJ,SHCM,04/04/2018,12:10:00 PM,730
WOOD01,KELLY,CTU,04/04/2018,10:00:00 AM,600
WOOD01,JJ,SHCW,04/04/2018,11:10:00 AM,670
BREM01,SINEAD,SHCM,04/05/2018,4:30:00 PM,990
COOM01,SINEAD,SHCW,04/05/2018,1:00:00 PM,780
DANJ02,BECKY,SHCW,04/05/2018,11:00:00 AM,660
HILJ01,SINEAD,SBD5+1,04/05/2018,3:40:00 PM,940
HOLL01,KELLY,CTU,04/05/2018,1:00:00 PM,780
HOLL01,SINEAD,SHCW,04/05/2018,2:30:00 PM,870
JARS01,JJ,SHCW,04/05/2018,12:30:00 PM,750
JASA01,JJ,SHCW,04/05/2018,10:00:00 AM,600
LYNG01,JJ,SHCM,04/05/2018,5:50:00 PM,1070
PIPJ01,JJ,SHCM,04/05/2018,5:00:00 PM,1020
SCHJ01,JJ,SHCM,04/05/2018,2:30:00 PM,870
SHIG01,JJ,SHCW,04/05/2018,1:30:00 PM,810
SHIG01,KELLY,CHLPL,04/05/2018,2:30:00 PM,870
SUPR01,BECKY,SHCM,04/05/2018,4:20:00 PM,980
TINT01,BECKY,SHCM,04/05/2018,3:10:00 PM,910
VERM01,JJ,SHCW,04/05/2018,11:10:00 AM,670
BROS01,BECKY,SHCW,04/06/2018,10:00:00 AM,600
BUZI01,JJ,SHCW,04/06/2018,8:20:00 AM,500
HELJ01,BECKY,SHCM,04/06/2018,5:30:00 PM,1050
KLEA01,BECKY,SHCM,04/06/2018,11:40:00 AM,700
KULR01,BECKY,SHCW,04/06/2018,4:30:00 PM,990
LEEP01,JJ,SHCM,04/06/2018,9:20:00 AM,560
MCLI01,JJ,SHCM,04/06/2018,6:30:00 PM,1110
MORB01,KELLY,CFC,04/06/2018,11:00:00 AM,660
MORB01,BECKY,SBD,04/06/2018,1:00:00 PM,780
NGUS01,KELLY,CALC,04/06/2018,12:30:00 PM,750
NORE01,BECKY,SBD,04/06/2018,3:50:00 PM,950
PLUJ01,JJ,SHCM,04/06/2018,11:30:00 AM,690
PLUJ01,JJ,CCAMO,04/06/2018,12:10:00 PM,730
SINM01,JJ,SHCW,04/06/2018,10:30:00 AM,630
THOW02,JJ,SHCM,04/06/2018,1:10:00 PM,790
WAX*01,JJ,SHCM,04/06/2018,3:00:00 PM,900
BLAJ01,SINEAD,SHCW,04/07/2018,3:00:00 PM,900
CAYK01,KELLY,CFC,04/07/2018,1:40:00 PM,820
CAYK01,BECKY,SHCW,04/07/2018,2:50:00 PM,890
DOLD01,JJ,SHCW,04/07/2018,11:30:00 AM,690
GALG01,JJ,SHCW,04/07/2018,8:30:00 AM,510
JOHJ01,SINEAD,SHCW,04/07/2018,1:00:00 PM,780
KENH01,SINEAD,SHCW,04/07/2018,2:00:00 PM,840
KURG01,JJ,SHCW,04/07/2018,1:20:00 PM,800
SENM01,BECKY,SHCW,04/07/2018,10:00:00 AM,600
SINT01,BECKY,SHCC,04/07/2018,12:30:00 PM,750
SINW01,JJ,SHCC,04/07/2018,12:30:00 PM,750
STOD01,BECKY,SHCM,04/07/2018,11:00:00 AM,660
WANM01,BECKY,SHCW,04/07/2018,1:50:00 PM,830
WILK01,KELLY,CHLPHC,04/07/2018,12:20:00 PM,740
WILK01,JJ,SBD,04/07/2018,2:20:00 PM,860
CHAG01,BECKY,SHCM,04/08/2018,1:40:00 PM,820
DOWR01,BECKY,SBD,04/08/2018,3:00:00 PM,900
HUDM01,JJ,CHLFH,04/08/2018,1:30:00 PM,810
SCHJ03,BECKY,SBD,04/08/2018,1:00:00 PM,780
TOPS01,BECKY,SHCW,04/08/2018,10:00:00 AM,600
BOWM01,JJ,SHCW,04/10/2018,2:00:00 PM,840
CARB01,BECKY,SHCW,04/10/2018,6:00:00 PM,1080
CULT01,SINEAD,CON,04/10/2018,6:30:00 PM,1110
IRWE01,KELLY,CTU,04/10/2018,10:00:00 AM,600
IRWE01,SINEAD,SHCM,04/10/2018,11:30:00 AM,690
KOOM01,JJ,SHCW,04/10/2018,1:00:00 PM,780
KRIA01,JJ,SHCW,04/10/2018,5:20:00 PM,1040
LANS01,BECKY,SHCW,04/10/2018,1:30:00 PM,810
MARD01,BECKY,SHCW,04/10/2018,10:00:00 AM,600
MCCB01,BECKY,SHCM,04/10/2018,5:10:00 PM,1030
PUGS01,JJ,CON,04/10/2018,8:00:00 AM,480
SAMB01,JJ,SHCW,04/10/2018,3:30:00 PM,930
SIDA01,BECKY,SHCW,04/10/2018,4:20:00 PM,980
ARRM01,JJ,SHCW,04/11/2018,5:30:00 PM,1050
BROA01,SINEAD,SHCW,04/11/2018,2:30:00 PM,870
DACJ01,SINEAD,SHCW,04/11/2018,6:00:00 PM,1080
GARJ01,JJ,SHCW,04/11/2018,8:20:00 AM,500
GREN01,SINEAD,SHCW,04/11/2018,3:30:00 PM,930
HENI01,JJ,SHCW,04/11/2018,6:30:00 PM,1110
HOLL01,HOUSE,SBD5+1,04/11/2018,11:40:00 AM,700
KIMF01,JJ,SHCW,04/11/2018,3:00:00 PM,900
KUKK01,SINEAD,CON,04/11/2018,12:00:00 PM,720
POOD01,SINEAD,SHCM,04/11/2018,7:00:00 PM,1140
POTR01,JJ,SHCM,04/11/2018,4:30:00 PM,990
RUTA01,KELLY,CALC,04/11/2018,10:00:00 AM,600
RUTA01,JJ,SHCW,04/11/2018,12:00:00 PM,720
SPRK01,JJ,SHCW,04/11/2018,1:00:00 PM,780
TRAJ01,JJ,SHCM,04/11/2018,2:10:00 PM,850
VAUD01,JJ,SBD,04/11/2018,10:20:00 AM,620
BOWV01,JJ,SHCW,04/12/2018,11:00:00 AM,660
ESKR01,JJ,SHCW,04/12/2018,10:00:00 AM,600
GUBD01,JJ,SHCM,04/12/2018,4:30:00 PM,990
JIAL01,JJ,SHCW,04/12/2018,12:00:00 PM,720
MARK01,BECKY,FRI,04/12/2018,5:40:00 PM,1060
PIVS01,JJ,SHCW,04/12/2018,1:00:00 PM,780
STEB01,BECKY,SHCM,04/12/2018,3:30:00 PM,930
,JJ,SHCW,04/13/2018,6:00:00 PM,1080
ALLM01,JJ,SHCW,04/13/2018,11:50:00 AM,710
BYRP01,BECKY,SBD,04/13/2018,1:00:00 PM,780
DUFD01,JJ,SHCM,04/13/2018,11:00:00 AM,660
HILJ01,BECKY,SBD,04/13/2018,4:30:00 PM,990
MERM01,BECKY,SHCM,04/13/2018,3:00:00 PM,900
MOLA01,JJ,SHCW,04/13/2018,4:20:00 PM,980
ROSL01,JJ,SHCW,04/13/2018,2:00:00 PM,840
SIRM01,BECKY,SBD,04/13/2018,9:00:00 AM,540
THOD01,JJ,SHCM,04/13/2018,1:00:00 PM,780
BONT01,BECKY,SHCW,04/14/2018,1:30:00 PM,810
LEEN01,BECKY,SHCC,04/14/2018,11:30:00 AM,690
SAVP01,JJ,SHCW,04/14/2018,10:00:00 AM,600
SHAG01,JJ,SHCW,04/14/2018,12:30:00 PM,750
SKUD01,BECKY,SBD,04/14/2018,10:30:00 AM,630
STOK01,JJ,SHCW,04/14/2018,11:00:00 AM,660
WOOJ01,JJ,SBD,04/14/2018,3:30:00 PM,930
BLAR01,BECKY,SHCW,04/16/2018,11:30:00 AM,690
BROS01,HOUSE,SBD5+1,04/17/2018,1:30:00 PM,810
COLC01,BECKY,SBD,04/17/2018,7:00:00 PM,1140
GOUE01,BECKY,SHCW,04/17/2018,11:00:00 AM,660
HOG*01,SINEAD,SHCM,04/17/2018,4:00:00 PM,960
HUYK01,BECKY,SBD,04/17/2018,4:10:00 PM,970
JONC01,SINEAD,SHCM,04/17/2018,4:50:00 PM,1010
LEEM01,JJ,SHCW,04/17/2018,4:00:00 PM,960
LEEM01,KELLY,CTU,04/17/2018,5:00:00 PM,1020
MANL01,SINEAD,SHCW,04/17/2018,10:00:00 AM,600
ROWD01,BECKY,SHCW,04/17/2018,5:30:00 PM,1050
SINS01,JJ,SHCM,04/17/2018,5:00:00 PM,1020
STEA01,BECKY,SHCW,04/17/2018,10:00:00 AM,600
WEIA01,JJ,SHCW,04/17/2018,1:00:00 PM,780
DAVA01,JJ,SHCW,04/18/2018,1:00:00 PM,780
KUKK01,HOUSE,SBD5+1,04/18/2018,12:00:00 PM,720
MILE01,SINEAD,SHCW,04/18/2018,5:00:00 PM,1020
PHIC01,SINEAD,SHCW,04/18/2018,12:40:00 PM,760
SORM01,KELLY,CHLPL,04/18/2018,12:00:00 PM,720
SORM01,JJ,SHCW,04/18/2018,2:00:00 PM,840
WELL01,SINEAD,SBD,04/18/2018,7:00:00 PM,1140
BROT01,SINEAD,SHCW,04/19/2018,4:00:00 PM,960
BUDG02,SINEAD,SHCM,04/19/2018,6:00:00 PM,1080
CASH01,JJ,CON,04/19/2018,5:10:00 PM,1030
COAA01,JJ,SHCW,04/19/2018,7:00:00 PM,1140
DODK01,SINEAD,CON,04/19/2018,5:30:00 PM,1050
GRIA01,SINEAD,SHCW,04/19/2018,10:00:00 AM,600
HOLL01,SINEAD,SBD,04/19/2018,12:20:00 PM,740
JARM01,JJ,SHCW,04/19/2018,2:00:00 PM,840
JOHD01,SINEAD,SHCM,04/19/2018,7:00:00 PM,1140
KEIS01,BECKY,SHCW,04/19/2018,11:00:00 AM,660
LUL01,BECKY,SHCW,04/19/2018,3:50:00 PM,950
MAKM01,SINEAD,SHCM,04/19/2018,1:00:00 PM,780
MCGV01,SINEAD,SHCW,04/19/2018,11:10:00 AM,670
RABH01,BECKY,SHCC,04/19/2018,12:10:00 PM,730
SCHH01,JJ,CHLPL,04/19/2018,12:00:00 PM,720
SCHH01,BECKY,SBD,04/19/2018,1:00:00 PM,780
TOHS01,JJ,SHCW,04/19/2018,5:30:00 PM,1050
VAUD01,JJ,SHCW,04/19/2018,1:00:00 PM,780
ZUKS01,BECKY,SHCM,04/19/2018,2:10:00 PM,850
BARW01,JJ,SHCM,04/20/2018,1:00:00 PM,780
FINW01,BECKY,SHCM,04/20/2018,12:00:00 PM,720
FOXS01,JJ,SBD,04/20/2018,9:00:00 AM,540
HUDM01,BECKY,SBD,04/20/2018,4:30:00 PM,990
KINN01,JJ,SHCW,04/20/2018,10:00:00 AM,600
KOSI01,JJ,CFC,04/20/2018,3:00:00 PM,900
KOSI01,JJ,SHCW,04/20/2018,3:50:00 PM,950
NICM01,JJ,SHCW,04/20/2018,12:00:00 PM,720
OHAG01,JJ,SHCM,04/20/2018,5:30:00 PM,1050
SCOL01,BECKY,SHCW,04/20/2018,11:00:00 AM,660
SEDD01,BECKY,SHCW,04/20/2018,10:00:00 AM,600
SHIG01,BECKY,CON,04/20/2018,3:40:00 PM,940
WARG01,JJ,SBD,04/20/2018,2:00:00 PM,840
ALIR01,JJ,SDUD,04/21/2018,3:30:00 PM,930
BARA01,SINEAD,TRE 1,04/21/2018,3:10:00 PM,910
BARA01,SINEAD,SBD,04/21/2018,3:20:00 PM,920
CORS01,JJ,SHCW,04/21/2018,11:30:00 AM,690
DELC01,BECKY,SHCM,04/21/2018,3:10:00 PM,910
HEIM01,BECKY,SHCW,04/21/2018,9:00:00 AM,540
HILJ01,SINEAD,SBD,04/21/2018,2:00:00 PM,840
LEIF01,SINEAD,SHCW,04/21/2018,12:00:00 PM,720
MCND01,SINEAD,SHCM,04/21/2018,9:00:00 AM,540
NEML01,SINEAD,SHCW,04/21/2018,11:00:00 AM,660
NIDN01,JJ,SBD,04/21/2018,8:00:00 AM,480
RICP01,SINEAD,SHCW,04/21/2018,8:00:00 AM,480
RUTR01,JJ,CFC,04/21/2018,9:00:00 AM,540
RUTR01,JJ,SHCW,04/21/2018,10:20:00 AM,620
SHAA01,SINEAD,SHCM,04/21/2018,10:00:00 AM,600
STEI01,BECKY,SHCW,04/21/2018,11:00:00 AM,660
STEM01,BECKY,SHCW,04/21/2018,10:00:00 AM,600
WILB01,BECKY,SDUD,04/21/2018,8:00:00 AM,480
APTM01,JJ,SHCM,04/22/2018,12:00:00 PM,720
BAIL01,BECKY,SHCW,04/22/2018,1:40:00 PM,820
FRAW01,BECKY,SHCM,04/22/2018,2:40:00 PM,880
SARK01,JJ,SHCW,04/22/2018,1:50:00 PM,830
SKUT01,BECKY,SHCW,04/22/2018,12:00:00 PM,720
WONM02,HOUSE,SBD5+1,04/22/2018,10:00:00 AM,600
BEAA01,SINEAD,SHCC,04/24/2018,4:00:00 PM,960
BEAL01,SINEAD,SHCC,04/24/2018,4:40:00 PM,1000
BERI01,JJ,SHCM,04/24/2018,1:20:00 PM,800
HENB01,JJ,SHCM,04/24/2018,9:10:00 AM,550
KATM01,JJ,SHCW,04/24/2018,11:00:00 AM,660
LEVL01,JJ,SHCW,04/24/2018,2:10:00 PM,850
MCKT01,BECKY,SHCW,04/24/2018,5:10:00 PM,1030
OWED01,SINEAD,SHCM,04/24/2018,1:30:00 PM,810
SCHJ01,JJ,SHCM,04/24/2018,12:10:00 PM,730
SCHJ01,JJ,CCAMO,04/24/2018,1:00:00 PM,780
SKUD01,BECKY,SBD,04/24/2018,12:00:00 PM,720
BOYL01,SINEAD,CMT,04/25/2018,1:30:00 PM,810
BOYL01,SINEAD,SHCW,04/25/2018,2:00:00 PM,840
HILE01,JJ,SHCW,04/25/2018,9:50:00 AM,590
MCGA01,JJ,SHCW,04/25/2018,2:00:00 PM,840
RUTM01,JJ,SHCW,04/25/2018,3:00:00 PM,900
SLUS01,JJ,SHCM,04/25/2018,10:50:00 AM,650
STOV01,JJ,SHCM,04/25/2018,11:40:00 AM,700
WRI*01,SINEAD,SHCM,04/25/2018,10:00:00 AM,600
YOUS01,SINEAD,SHCW,04/25/2018,4:00:00 PM,960
ZUGL01,SINEAD,SBD,04/25/2018,7:00:00 PM,1140
BANR01,BECKY,CTU,04/26/2018,10:00:00 AM,600
BANR01,BECKY,SBD,04/26/2018,11:30:00 AM,690
BROS01,BECKY,SBD,04/26/2018,12:30:00 PM,750
BUSM01,SINEAD,SHCW,04/26/2018,4:00:00 PM,960
CARC01,JJ,SHCW,04/26/2018,4:30:00 PM,990
COLG01,JJ,SHCW,04/26/2018,1:00:00 PM,780
COLR01,BECKY,SHCM,04/26/2018,6:30:00 PM,1110
GALB01,JJ,SHCM,04/26/2018,5:30:00 PM,1050
GELK01,JJ,SHCW,04/26/2018,12:00:00 PM,720
GREM01,JJ,SHCW,04/26/2018,10:50:00 AM,650
HOLL01,SINEAD,SBD,04/26/2018,12:00:00 PM,720
MOIB01,SINEAD,SHCW,04/26/2018,3:00:00 PM,900
MOYJ01,JJ,SHCM,04/26/2018,6:20:00 PM,1100
RODP01,SINEAD,SBD,04/26/2018,10:40:00 AM,640
RODP01,SINEAD,TRE 1,04/26/2018,11:20:00 AM,680
SMIC01,SINEAD,SHCW,04/26/2018,5:30:00 PM,1050
ARMG01,BECKY,SBD,04/27/2018,2:10:00 PM,850
CARC01,JJ,CON,04/27/2018,6:20:00 PM,1100
CHEW01,JJ,SHCW,04/27/2018,10:00:00 AM,600
GOSD01,JJ,SHCW,04/27/2018,1:10:00 PM,790
GRET01,JJ,SHCM,04/27/2018,9:00:00 AM,540
HARW01,JJ,SHCM,04/27/2018,5:30:00 PM,1050
KLEA01,BECKY,SHCM,04/27/2018,12:00:00 PM,720
KM01,JJ,SHCW,04/27/2018,12:00:00 PM,720
LEWH01,JJ,SBD,04/27/2018,11:00:00 AM,660
LINM02,JJ,SHCW,04/27/2018,2:30:00 PM,870
MUMK01,JJ,SHCW,04/27/2018,3:30:00 PM,930
OZIS01,BECKY,SBD,04/27/2018,3:40:00 PM,940
RANZ01,BECKY,SHCW,04/27/2018,5:10:00 PM,1030
REIM01,BECKY,SHCM,04/27/2018,11:10:00 AM,670
SIRM01,HOUSE,SBD5+1,04/27/2018,9:00:00 AM,540
TINA01,JJ,SHCW,04/27/2018,4:30:00 PM,990
YATT01,BECKY,SHCM,04/27/2018,10:00:00 AM,600
CULT01,SINEAD,CON,04/28/2018,1:00:00 PM,780
HOS01,JJ,SHCW,04/28/2018,3:00:00 PM,900
HUDM01,JJ,SHCW,04/28/2018,10:20:00 AM,620
MACB01,JJ,SHCW,04/28/2018,1:50:00 PM,830
MCGA02,SINEAD,SHCM,04/28/2018,9:20:00 AM,560
PHIJ01,SINEAD,SHCW,04/28/2018,11:30:00 AM,690
RODP01,SINEAD,SBD,04/28/2018,8:30:00 AM,510
ROGE01,SINEAD,SHCW,04/28/2018,10:20:00 AM,620
WHIA01,JJ,SHCW,04/28/2018,4:00:00 PM,960
WINL01,SINEAD,SHCW,04/28/2018,2:00:00 PM,840
WONM02,JJ,SBD,04/28/2018,9:00:00 AM,540
WOOJ01,SINEAD,SBD,04/28/2018,3:20:00 PM,920
WAGL01,JJ,SHCW,04/29/2018,9:50:00 AM,590
ZHIJ01,JJ,SHCW,04/29/2018,10:50:00 AM,650
ALVJ01,JJ,SHCW,05/01/2018,3:30:00 PM,930
BROS01,BECKY,SBD,05/01/2018,3:00:00 PM,900
CYRA01,BECKY,SHCW,05/01/2018,6:00:00 PM,1080
FLAD01,SINEAD,SHCM,05/01/2018,10:00:00 AM,600
FLEB01,JJ,SHCW,05/01/2018,6:50:00 PM,1130
GRIP01,SINEAD,SHCM,05/01/2018,10:50:00 AM,650
HENI01,JJ,FRI,05/01/2018,5:50:00 PM,1070
HILJ01,BECKY,SBD,05/01/2018,10:00:00 AM,600
KERT01,JJ,SHCW,05/01/2018,10:00:00 AM,600
KERT01,JJ,CALC,05/01/2018,11:00:00 AM,660
LEHJ01,JJ,SHCM,05/01/2018,6:00:00 PM,1080
TAYE01,JJ,SHCM,05/01/2018,5:00:00 PM,1020
ATKN01,JJ,SHCW,05/02/2018,1:00:00 PM,780
DENB01,SINEAD,SHCM,05/02/2018,1:50:00 PM,830
KINN01,JJ,SBD,05/02/2018,3:40:00 PM,940
LEEV01,JJ,SHCW,05/02/2018,5:20:00 PM,1040
MARA01,SINEAD,SHCW,05/02/2018,3:30:00 PM,930
NELT01,SINEAD,SBD,05/02/2018,12:00:00 PM,720
POTR01,JJ,SHCM,05/02/2018,4:30:00 PM,990
RODP01,SINEAD,SBD,05/02/2018,1:00:00 PM,780
BHAJ01,BECKY,SHCW,05/03/2018,10:00:00 AM,600
BRAN01,SINEAD,SHCM,05/03/2018,7:00:00 PM,1140
BREM01,SINEAD,SHCM,05/03/2018,5:00:00 PM,1020
BRIK01,JJ,SHCW,05/03/2018,11:00:00 AM,660
HOLL01,SINEAD,SBD,05/03/2018,12:00:00 PM,720
LEFN01,JJ,SHCW,05/03/2018,9:00:00 AM,540
LYNG01,JJ,SHCM,05/03/2018,3:30:00 PM,930
MARR01,SINEAD,SHCW,05/03/2018,5:50:00 PM,1070
MESN01,BECKY,SHCW,05/03/2018,1:00:00 PM,780
NEEL01,JJ,CTU,05/03/2018,1:00:00 PM,780
NEEL01,JJ,SHCW,05/03/2018,2:30:00 PM,870
NIDN01,SINEAD,SBD,05/03/2018,10:40:00 AM,640
NIES02,JJ,SHCM,05/03/2018,10:00:00 AM,600
SKUD01,BECKY,SBD,05/03/2018,11:00:00 AM,660
SPIJ01,BECKY,SHCM,05/03/2018,3:10:00 PM,910
TSAR01,JJ,SHCM,05/03/2018,4:30:00 PM,990
WOOD02,JJ,SHCW,05/03/2018,7:00:00 PM,1140
ALIR02,BECKY,SBD,05/04/2018,12:30:00 PM,750
BENS01,JJ,SHCW,05/04/2018,2:00:00 PM,840
BYRP01,BECKY,SBD,05/04/2018,11:00:00 AM,660
CAND01,JJ,SHCM,05/04/2018,5:00:00 PM,1020
COLB01,JJ,SHCM,05/04/2018,8:50:00 AM,530
COLE01,JJ,SHCM,05/04/2018,8:00:00 AM,480
COLG01,BECKY,SBD,05/04/2018,9:50:00 AM,590
COLR02,BECKY,SHCM,05/04/2018,8:00:00 AM,480
DUFD01,JJ,CON,05/04/2018,10:40:00 AM,640
GHOP01,JOANNE,CHLPHC,05/04/2018,12:00:00 PM,720
GHOP01,BECKY,SHCW,05/04/2018,1:30:00 PM,810
GUYD01,BECKY,SHCM,05/04/2018,4:40:00 PM,1000
GUYD01,BECKY,CCAMO,05/04/2018,5:30:00 PM,1050
KOOM01,JJ,SBD,05/04/2018,11:00:00 AM,660
MCGV01,JOANNE,CMT,05/04/2018,10:00:00 AM,600
MICK01,JJ,SHCW,05/04/2018,12:40:00 PM,760
NICP01,BECKY,SHCM,05/04/2018,4:00:00 PM,960
PENM01,JOANNE,CTU,05/04/2018,4:20:00 PM,980
PENM01,HOUSE,SBD5+1,05/04/2018,5:50:00 PM,1070
PLUJ01,JJ,SHCM,05/04/2018,11:40:00 AM,700
PLUJ01,JJ,CCAMO,05/04/2018,12:30:00 PM,750
RICC01,JOANNE,CFC,05/04/2018,1:10:00 PM,790
RICC01,BECKY,SBD,05/04/2018,2:30:00 PM,870
SCHC01,JOANNE,CHLPL,05/04/2018,2:00:00 PM,840
SIRM01,BECKY,SBD,05/04/2018,9:00:00 AM,540
ZIMJ01,BECKY,SHCM,05/04/2018,3:10:00 PM,910
ALIA01,BECKY,SHCM,05/05/2018,1:40:00 PM,820
BENL01,JOANNE,CBAL,05/05/2018,11:20:00 AM,680
BENL01,JJ,SHCW,05/05/2018,1:30:00 PM,810
BOTN01,SINEAD,SHCM,05/05/2018,10:10:00 AM,610
BROF01,JOANNE,CALC,05/05/2018,10:20:00 AM,620
BROF01,BECKY,SBD,05/05/2018,12:00:00 PM,720
CAYK01,JOANNE,CTU,05/05/2018,12:50:00 PM,770
CHUJ01,SINEAD,SHCW,05/05/2018,11:00:00 AM,660
ERWS01,JOANNE,CALC,05/05/2018,9:00:00 AM,540
ERWS01,JJ,SHCW,05/05/2018,10:20:00 AM,620
FISV01,BECKY,SHCW,05/05/2018,10:00:00 AM,600
GAGC01,JJ,SHCW,05/05/2018,2:40:00 PM,880
HESM01,SINEAD,SHCW,05/05/2018,2:00:00 PM,840
HUDM01,JJ,SBD,05/05/2018,11:20:00 AM,680
IRWE01,SINEAD,SHCM,05/05/2018,1:20:00 PM,800
IRWE01,JOANNE,CTU,05/05/2018,2:00:00 PM,840
IRWE01,SINEAD,CON,05/05/2018,3:10:00 PM,910
LAMC01,BECKY,SHCM,05/05/2018,12:40:00 PM,760
ODOA01,BECKY,SHCW,05/05/2018,3:00:00 PM,900
SCOJ01,BECKY,SHCW,05/05/2018,10:50:00 AM,650
SHIL01,SINEAD,SHCW,05/05/2018,8:40:00 AM,520
TUMM01,JOANNE,CTU,05/05/2018,2:30:00 PM,870
TUMM01,JJ,SHCW,05/05/2018,3:40:00 PM,940
TURA01,HOUSE,CBAL,05/05/2018,1:00:00 PM,780
WONM02,JJ,SBD,05/05/2018,8:00:00 AM,480
WYRC01,JJ,SBD,05/05/2018,9:30:00 AM,570
HUDS01,JJ,SBD,05/06/2018,1:00:00 PM,780
JONK01,BECKY,SHCW,05/06/2018,2:00:00 PM,840
ROUT01,JJ,CDPB,05/06/2018,3:00:00 PM,900
SARM01,JJ,SHCW,05/06/2018,2:00:00 PM,840
ALZR01,BECKY,SHCW,05/08/2018,5:00:00 PM,1020
BATP01,JJ,SHCM,05/08/2018,11:10:00 AM,670
BOSJ01,SINEAD,SHCW,05/08/2018,4:00:00 PM,960
BRES01,JJ,SHCW,05/08/2018,10:10:00 AM,610
HILJ01,SINEAD,SBD,05/08/2018,5:00:00 PM,1020
HOWC01,JJ,SHCM,05/08/2018,6:00:00 PM,1080
JUDJ01,SINEAD,SHCW,05/08/2018,1:30:00 PM,810
KIMS01,JOANNE,CFC,05/08/2018,2:20:00 PM,860
KIMS01,JJ,SHCW,05/08/2018,3:40:00 PM,940
KIMY01,JJ,SHCW,05/08/2018,2:30:00 PM,870
LEEP01,JJ,SHCM,05/08/2018,9:20:00 AM,560
MCPL01,JOANNE,CHLFH,05/08/2018,12:50:00 PM,770
MCPL01,BECKY,SBD,05/08/2018,2:50:00 PM,890
NELT01,HOUSE,SBD5+1,05/08/2018,11:00:00 AM,660
PIPJ01,JJ,SHCM,05/08/2018,5:00:00 PM,1020
TAYJ01,JOANNE,CHLPL,05/08/2018,5:30:00 PM,1050
TAYJ01,JJ,SHCW,05/08/2018,6:50:00 PM,1130
TAYL01,JOANNE,CHLFH,05/08/2018,10:40:00 AM,640
ANDN01,SINEAD,SHCW,05/09/2018,10:40:00 AM,640
BERH01,JOANNE,CALC,05/09/2018,11:10:00 AM,670
BERH01,JJ,SHCW,05/09/2018,12:40:00 PM,760
CABL01,JOANNE,CFC,05/09/2018,12:00:00 PM,720
COLG01,BECKY,SBD,05/09/2018,12:50:00 PM,770
CRIV01,SINEAD,SHCW,05/09/2018,11:40:00 AM,700
FLEL01,SINEAD,SHCM,05/09/2018,2:00:00 PM,840
KRIJ01,JJ,SHCW,05/09/2018,10:00:00 AM,600
MCLE01,SINEAD,SHCW,05/09/2018,4:50:00 PM,1010
RUPN01,SINEAD,SHCW,05/09/2018,3:50:00 PM,950
SHAS01,JJ,SHCM,05/09/2018,5:20:00 PM,1040
SINJ01,JJ,SHCW,05/09/2018,11:00:00 AM,660
AINM01,HOUSE,SBD5+1,05/10/2018,3:00:00 PM,900
BOES01,JOANNE,CALC,05/10/2018,4:10:00 PM,970
BREH01,JJ,SHCW,05/10/2018,8:20:00 AM,500
BROS01,BECKY,SBD,05/10/2018,4:10:00 PM,970
BUDG02,SINEAD,SHCM,05/10/2018,6:00:00 PM,1080
COLJ01,JJ,SHCM,05/10/2018,9:10:00 AM,550
DINJ01,BECKY,SHCW,05/10/2018,10:30:00 AM,630
HOLL01,SINEAD,SBD,05/10/2018,2:00:00 PM,840
HOLS01,JOANNE,CALC,05/10/2018,2:00:00 PM,840
KALA01,JOANNE,CHLPL,05/10/2018,3:20:00 PM,920
KALA01,JJ,SHCW,05/10/2018,4:50:00 PM,1010
MARK01,BECKY,SHCW,05/10/2018,5:10:00 PM,1030
MONE01,SINEAD,SHCW,05/10/2018,10:30:00 AM,630
NORB01,JJ,SHCC,05/10/2018,11:00:00 AM,660
NORL01,JJ,SHCW,05/10/2018,10:00:00 AM,600
REIC01,JOANNE,CHLFH,05/10/2018,5:00:00 PM,1020
RODP01,JOANNE,CON,05/10/2018,10:00:00 AM,600
ROSD01,JJ,SHCW,05/10/2018,6:00:00 PM,1080
SHAP01,BECKY,SHCW,05/10/2018,1:00:00 PM,780
SOLR01,BECKY,SHCW,05/10/2018,9:30:00 AM,570
STEP01,SINEAD,SHCW,05/10/2018,12:20:00 PM,740
TAYR01,JJ,SHCM,05/10/2018,3:00:00 PM,900
TAYT01,SINEAD,SHCM,05/10/2018,3:00:00 PM,900
THOD01,JJ,SHCM,05/10/2018,4:00:00 PM,960
ARRM01,JJ,SBD,05/11/2018,5:00:00 PM,1020
BROS02,BECKY,SHCM,05/11/2018,5:30:00 PM,1050
CHA*01,JJ,SHCW,05/11/2018,2:30:00 PM,870
COLG01,JOANNE,CTU,05/11/2018,1:00:00 PM,780
COLG01,BECKY,SBD,05/11/2018,2:10:00 PM,850
COWL01,JOANNE,CHLPL,05/11/2018,1:30:00 PM,810
COWL01,BECKY,SHCW,05/11/2018,3:00:00 PM,900
GIEC01,JJ,SHCM,05/11/2018,11:30:00 AM,690
GRAA01,JJ,SHCW,05/11/2018,12:30:00 PM,750
KHAN01,BECKY,SBD,05/11/2018,1:10:00 PM,790
LEEO01,JOANNE,CTU,05/11/2018,10:20:00 AM,620
LIMB01,BECKY,SHCM,05/11/2018,4:20:00 PM,980
MURS01,BECKY,SHCM,05/11/2018,11:20:00 AM,680
NICL01,JJ,SHCW,05/11/2018,4:00:00 PM,960
NOWT01,JJ,SHCW,05/11/2018,10:00:00 AM,600
REDM01,JJ,CON,05/11/2018,1:30:00 PM,810
SIRM01,BECKY,SBD,05/11/2018,9:00:00 AM,540
THOW01,JJ,SHCW,05/11/2018,8:30:00 AM,510
TIML01,JJ,SBD,05/11/2018,5:50:00 PM,1070
WARK01,BECKY,SHCM,05/11/2018,6:20:00 PM,1100
WARN01,BECKY,SHCM,05/11/2018,5:00:00 PM,1020
CASH01,JJ,CON,05/12/2018,9:00:00 AM,540
EZIR01,JJ,SHCW,05/12/2018,9:20:00 AM,560
GOSD01,JOANNE,CHLPL,05/12/2018,10:50:00 AM,650
HUDM01,SINEAD,SBD,05/12/2018,3:20:00 PM,920
JASA01,JJ,CON,05/12/2018,11:00:00 AM,660
JASA01,HOUSE,SBD5+1,05/12/2018,11:00:00 AM,660
LYL01,JJ,SHCW,05/12/2018,4:20:00 PM,980
MARG01,JJ,SHCM,05/12/2018,12:30:00 PM,750
MARM01,JOANNE,CFC,05/12/2018,3:00:00 PM,900
NELT01,SINEAD,SBD,05/12/2018,2:50:00 PM,890
PEEL01,SINEAD,SBD,05/12/2018,12:00:00 PM,720
PHIJ01,SINEAD,SBD,05/12/2018,8:50:00 AM,530
ROST01,JJ,SHCM,05/12/2018,2:30:00 PM,870
SARM01,JOANNE,CFC,05/12/2018,11:40:00 AM,700
SARM01,SINEAD,SBD,05/12/2018,12:50:00 PM,770
SMIS01,JOANNE,CHLFH,05/12/2018,9:30:00 AM,570
STOD01,SINEAD,SHCM,05/12/2018,8:00:00 AM,480
TAYJ02,JOANNE,CHLFH,05/12/2018,1:10:00 PM,790
TAYJ02,JJ,SHCW,05/12/2018,3:20:00 PM,920
TINT02,JJ,SHCW,05/12/2018,1:20:00 PM,800
TYRK01,JOANNE,CHLPL,05/12/2018,12:20:00 PM,740
TYRK01,SINEAD,SBD,05/12/2018,2:00:00 PM,840
ARAI01,BECKY,SHCW,05/15/2018,6:00:00 PM,1080
BREF01,JJ,SHCM,05/15/2018,1:00:00 PM,780
BROS01,BECKY,SBD,05/15/2018,4:20:00 PM,980
BURT01,JOANNE,CALC,05/15/2018,5:10:00 PM,1030
BURT01,JJ,SHCM,05/15/2018,6:30:00 PM,1110
CHMY01,BECKY,SHCW,05/15/2018,12:00:00 PM,720
HENI01,JOANNE,CON,05/15/2018,3:30:00 PM,930
KUCM02,JJ,SHCW,05/15/2018,4:50:00 PM,1010
LUCL01,BECKY,SHCW,05/15/2018,7:00:00 PM,1140
MACR01,SINEAD,SHCM,05/15/2018,3:00:00 PM,900
MELE01,BECKY,SHCM,05/15/2018,5:00:00 PM,1020
MOLC01,BECKY,SHCW,05/15/2018,10:00:00 AM,600
MONL01,SINEAD,SHCW,05/15/2018,10:00:00 AM,600
RODP01,JOANNE,CHLPL,05/15/2018,10:40:00 AM,640
RODP01,SINEAD,SHCW,05/15/2018,12:10:00 PM,730
ROSM01,JOANNE,CTU,05/15/2018,2:50:00 PM,890
SARK01,JOANNE,CHLPHC,05/15/2018,1:20:00 PM,800
SARK01,JJ,SBD,05/15/2018,3:30:00 PM,930
SCHJ01,JJ,SHCM,05/15/2018,10:30:00 AM,630
SCHJ01,JJ,CCAMO,05/15/2018,11:20:00 AM,680
WOOJ01,SINEAD,SHCW,05/15/2018,6:00:00 PM,1080
BUSC01,JJ,SHCW,05/16/2018,5:00:00 PM,1020
CURK01,SINEAD,SHCW,05/16/2018,6:00:00 PM,1080
ELSM01,SINEAD,SBD,05/16/2018,4:40:00 PM,1000
KUKK01,SINEAD,SBD,05/16/2018,12:00:00 PM,720
LAMD01,JJ,SHCW,05/16/2018,3:20:00 PM,920
MACT01,JJ,SHCM,05/16/2018,6:40:00 PM,1120
NELT01,SINEAD,SBD,05/16/2018,1:20:00 PM,800
REIL01,SINEAD,SHCW,05/16/2018,3:10:00 PM,910
RODP01,SINEAD,CON,05/16/2018,2:30:00 PM,870
SARA01,JJ,SHCM,05/16/2018,1:00:00 PM,780
SCHH01,JJ,SHCW,05/16/2018,11:50:00 AM,710
ABL*01,BECKY,SHCM,05/17/2018,4:50:00 PM,1010
BUEM01,SINEAD,SBD,05/17/2018,5:40:00 PM,1060
BURL01,JOANNE,CHLPHC,05/17/2018,12:00:00 PM,720
BURL01,SINEAD,SBD,05/17/2018,2:30:00 PM,870
CHUA01,JOANNE,CALC,05/17/2018,10:00:00 AM,600
CHUA01,JJ,SHCW,05/17/2018,12:10:00 PM,730
COLG01,BECKY,SBD,05/17/2018,4:00:00 PM,960
HAMD01,BECKY,SHCM,05/17/2018,3:00:00 PM,900
HILJ01,JOANNE,CMT,05/17/2018,2:30:00 PM,870
HILJ01,SINEAD,SBD,05/17/2018,3:40:00 PM,940
HOLL01,SINEAD,SBD,05/17/2018,12:00:00 PM,720
HUDM01,JJ,SBD,05/17/2018,8:10:00 AM,490
LOCS01,JOANNE,CHLPL,05/17/2018,3:00:00 PM,900
MANL01,SINEAD,SHCW,05/17/2018,1:00:00 PM,780
MORB01,JOANNE,CFC,05/17/2018,3:50:00 PM,950
MORB01,JJ,SHCW,05/17/2018,5:10:00 PM,1030
OKEM01,JJ,SHCW,05/17/2018,10:00:00 AM,600
PER*01,BECKY,SBD,05/17/2018,1:00:00 PM,780
PRIL01,JJ,SHCW,05/17/2018,3:00:00 PM,900
SHAA01,SINEAD,SHCM,05/17/2018,7:00:00 PM,1140
SIDA01,BECKY,SHCW,05/17/2018,10:00:00 AM,600
STOS01,SINEAD,SHCW,05/17/2018,10:00:00 AM,600
WOOD02,BECKY,SBD,05/17/2018,2:10:00 PM,850
YATT01,BECKY,SHCM,05/17/2018,11:40:00 AM,700
CORS02,BECKY,SHCW,05/18/2018,3:00:00 PM,900
DELC01,BECKY,SHCM,05/18/2018,6:00:00 PM,1080
MASA01,BECKY,SHCM,05/18/2018,5:00:00 PM,1020
MESK01,JJ,SHCW,05/18/2018,7:00:00 PM,1140
NICS01,JJ,SHCW,05/18/2018,2:10:00 PM,850
OHAG01,JJ,SHCM,05/18/2018,11:00:00 AM,660
PENM01,BECKY,SBD,05/18/2018,10:50:00 AM,650
ROBT01,JOANNE,CHLPHC,05/18/2018,10:00:00 AM,600
SAMJ01,JJ,SHCW,05/18/2018,10:00:00 AM,600
SAMJ01,JOANNE,CHLPL,05/18/2018,11:20:00 AM,680
SIRM01,BECKY,SHCW,05/18/2018,9:00:00 AM,540
SKUD01,BECKY,SBD,05/18/2018,4:00:00 PM,960
WOOD01,JOANNE,CTU,05/18/2018,2:00:00 PM,840
WOOD01,JJ,SHCW,05/18/2018,3:10:00 PM,910
BARE01,KELLY,CFC,05/19/2018,2:00:00 PM,840
BARE01,KELLY,SHCW,05/19/2018,3:00:00 PM,900
DANG01,JJ,SHCW,05/19/2018,4:00:00 PM,960
DANJ01,JOANNE,CTU,05/19/2018,12:40:00 PM,760
DANJ01,BECKY,SBD,05/19/2018,1:50:00 PM,830
HASS01,KELLY,SHCW,05/19/2018,11:00:00 AM,660
IORC01,JJ,SHCW,05/19/2018,9:00:00 AM,540
JONE01,KELLY,SHCW,05/19/2018,9:00:00 AM,540
JONW01,KELLY,SHCW,05/19/2018,10:00:00 AM,600
LEIF01,SINEAD,SDUD,05/19/2018,12:00:00 PM,720
LURM01,JOANNE,CALC,05/19/2018,2:30:00 PM,870
MCGM01,SINEAD,SHCM,05/19/2018,2:30:00 PM,870
MCKS01,SINEAD,SHCW,05/19/2018,9:00:00 AM,540
NELT01,SINEAD,SHCW,05/19/2018,1:30:00 PM,810
NIDN01,JOANNE,CTU,05/19/2018,1:50:00 PM,830
NIDN01,BECKY,SBD,05/19/2018,3:00:00 PM,900
OGOE01,KELLY,SHCW,05/19/2018,12:10:00 PM,730
RIZB01,KELLY,CFC,05/19/2018,2:30:00 PM,870
RIZB01,KELLY,SHCW,05/19/2018,3:50:00 PM,950
RONM01,JOANNE,CHLFHC,05/19/2018,10:40:00 AM,640
RUTR01,JOANNE,CFC,05/19/2018,9:00:00 AM,540
RUTR01,JJ,SBD,05/19/2018,10:20:00 AM,620
WONM02,JJ,SBD,05/19/2018,8:00:00 AM,480
ANDJ01,KELLY,CBAL,05/22/2018,11:00:00 AM,660
ANDJ01,KELLY,CT,05/22/2018,12:50:00 PM,770
ANDJ01,KELLY,TRE 1,05/22/2018,1:20:00 PM,800
ANDJ01,KELLY,SHCW,05/22/2018,1:40:00 PM,820
BORJ01,JJ,SHCM,05/22/2018,6:30:00 PM,1110
CARB01,BECKY,CON,05/22/2018,5:40:00 PM,1060
DAV*01,JJ,SHCW,05/22/2018,4:00:00 PM,960
DRAR01,SINEAD,SHCM,05/22/2018,3:40:00 PM,940
DUFD01,JJ,SHCM,05/22/2018,9:10:00 AM,550
ERVA01,SINEAD,SHCW,05/22/2018,12:40:00 PM,760
HELJ01,BECKY,SHCM,05/22/2018,11:00:00 AM,660
HOLD01,BECKY,SHCW,05/22/2018,4:00:00 PM,960
KUKH01,JOANNE,CHLPL,05/22/2018,5:40:00 PM,1060
KUKH01,BECKY,SBD,05/22/2018,7:10:00 PM,1150
KUKK01,SINEAD,SBD,05/22/2018,11:50:00 AM,710
MOGS01,KELLY,SHCW,05/22/2018,10:00:00 AM,600
PN01,KELLY,SHCM,05/22/2018,6:00:00 PM,1080
RIVA01,BECKY,SHCW,05/22/2018,6:00:00 PM,1080
SHAI01,JOANNE,CHLPL,05/22/2018,3:50:00 PM,950
SHAI01,JOANNE,TRE 1,05/22/2018,4:40:00 PM,1000
SHAI01,SINEAD,SHCW,05/22/2018,6:00:00 PM,1080
WARG01,JJ,SHCW,05/22/2018,10:00:00 AM,600
WIL*01,JOANNE,CTU,05/22/2018,11:50:00 AM,710
WIL*01,JJ,SHCW,05/22/2018,1:10:00 PM,790
WONM02,JJ,SBD,05/22/2018,8:00:00 AM,480
WOOJ01,JOANNE,CTU,05/22/2018,5:00:00 PM,1020
WOOJ01,SINEAD,SBD,05/22/2018,6:50:00 PM,1130
.L01,JOANNE,CHLPHC,05/23/2018,10:40:00 AM,640
.L01,JJ,SHCW,05/23/2018,1:10:00 PM,790
BERH01,JJ,SBD,05/23/2018,2:20:00 PM,860
CLEE01,SINEAD,SHCW,05/23/2018,2:40:00 PM,880
COLG01,SINEAD,SBD,05/23/2018,12:50:00 PM,770
COXH01,KELLY,SHCW,05/23/2018,1:00:00 PM,780
DOLD01,JJ,SHCW,05/23/2018,12:00:00 PM,720
DRAA01,KELLY,SHCW,05/23/2018,2:00:00 PM,840
GRIA01,SINEAD,SHCW,05/23/2018,10:30:00 AM,630
HENB01,JJ,SHCM,05/23/2018,3:40:00 PM,940
KOSA01,KELLY,SHCW,05/23/2018,10:00:00 AM,600
NELT01,SINEAD,SBD,05/23/2018,2:00:00 PM,840
PARJ01,KELLY,SHCM,05/23/2018,5:10:00 PM,1030
PER*01,KELLY,SBD,05/23/2018,11:00:00 AM,660
POOD01,SINEAD,SHCM,05/23/2018,5:00:00 PM,1020
POTR01,JJ,SHCM,05/23/2018,4:30:00 PM,990
RICP01,SINEAD,SHCW,05/23/2018,11:40:00 AM,700
SAVC01,JJ,SHCW,05/23/2018,10:00:00 AM,600
SHEK01,SINEAD,SHCW,05/23/2018,6:00:00 PM,1080
SINS02,KELLY,SHCM,05/23/2018,12:00:00 PM,720
SLUS01,JJ,SHCM,05/23/2018,11:00:00 AM,660
VELA01,JJ,SHCW,05/23/2018,5:30:00 PM,1050
WALS01,SINEAD,SHCW,05/23/2018,7:00:00 PM,1140
AVPR01,BECKY,SBD,05/24/2018,5:10:00 PM,1030
BENC01,JOANNE,CFC,05/24/2018,4:00:00 PM,960
HENA01,JOANNE,CALC,05/24/2018,10:00:00 AM,600
HENA01,JOANNE,SMARTBOND,05/24/2018,11:30:00 AM,690
HENA01,BECKY,SHCW,05/24/2018,12:00:00 PM,720
HIMB01,JJ,SHCW,05/24/2018,3:00:00 PM,900
HOAB01,SINEAD,SHCW,05/24/2018,10:30:00 AM,630
HOLL01,JOANNE,CTU,05/24/2018,12:00:00 PM,720
HOLL01,SINEAD,SHCW,05/24/2018,1:10:00 PM,790
JOHJ01,JOANNE,CHLPL,05/24/2018,5:10:00 PM,1030
MAKM01,SINEAD,SHCM,05/24/2018,5:00:00 PM,1020
MAPJ01,JJ,SHCW,05/24/2018,11:40:00 AM,700
MCCB01,BECKY,SHCM,05/24/2018,3:00:00 PM,900
MOIB01,JOANNE,CTU,05/24/2018,1:20:00 PM,800
MOIB01,SINEAD,SHCW,05/24/2018,2:40:00 PM,880
MOLA01,JJ,SHCW,05/24/2018,2:00:00 PM,840
POLB01,BECKY,SBD,05/24/2018,1:00:00 PM,780
RUTA01,JOANNE,CALC,05/24/2018,3:10:00 PM,910
RUTA01,JJ,SHCW,05/24/2018,4:40:00 PM,1000
THOJ01,SINEAD,SHCW,05/24/2018,3:40:00 PM,940
APTM01,JJ,SHCM,05/25/2018,4:30:00 PM,990
CARK01,KELLY,CTU,05/25/2018,10:30:00 AM,630
CARK01,KELLY,SBD,05/25/2018,11:30:00 AM,690
COWS01,BECKY,SHCW,05/25/2018,5:40:00 PM,1060
DORR01,JJ,SHCW,05/25/2018,12:00:00 PM,720
GUBD01,JJ,SHCM,05/25/2018,3:40:00 PM,940
HIGA01,KELLY,SHCW,05/25/2018,4:30:00 PM,990
HUDM01,JJ,SBD,05/25/2018,8:00:00 AM,480
IADA01,KELLY,SHCW,05/25/2018,12:00:00 PM,720
INFB01,KELLY,CON,05/25/2018,6:00:00 PM,1080
KASJ01,BECKY,SHCW,05/25/2018,2:00:00 PM,840
KINN01,JJ,SHCW,05/25/2018,9:00:00 AM,540
KLEA01,BECKY,SHCM,05/25/2018,9:50:00 AM,590
LYOH01,BECKY,SHCW,05/25/2018,3:00:00 PM,900
MER*01,KELLY,SHCW,05/25/2018,2:00:00 PM,840
PENM01,JOANNE,CMT,05/25/2018,4:00:00 PM,960
PENM01,BECKY,SBD,05/25/2018,5:00:00 PM,1020
SIRM01,BECKY,SBD,05/25/2018,9:00:00 AM,540
WAGW01,KELLY,SHCM,05/25/2018,12:50:00 PM,770
WEIS01,JJ,SHCM,05/25/2018,6:00:00 PM,1080
WYRC01,JJ,SHCW,05/25/2018,1:00:00 PM,780
ARRM01,KELLY,SBD,05/26/2018,4:20:00 PM,980
BERI01,JJ,SHCM,05/26/2018,11:00:00 AM,660
BRAN01,SINEAD,SHCM,05/26/2018,1:50:00 PM,830
BROS01,BECKY,SBD,05/26/2018,1:10:00 PM,790
COLG01,JOANNE,CMT,05/26/2018,11:30:00 AM,690
COLG01,BECKY,SBD,05/26/2018,12:30:00 PM,750
FIGM01,KELLY,CTU,05/26/2018,11:00:00 AM,660
FLAC01,JOANNE,CHLFH,05/26/2018,9:00:00 AM,540
FLAC01,SINEAD,SHCW,05/26/2018,11:20:00 AM,680
FLAS01,JOANNE,CFC,05/26/2018,10:30:00 AM,630
FLAS01,SINEAD,SHCW,05/26/2018,12:30:00 PM,750
HENI01,JOANNE,CBAL,05/26/2018,12:10:00 PM,730
HENI01,JJ,SHCW,05/26/2018,2:30:00 PM,870
HILJ01,SINEAD,SBD,05/26/2018,9:00:00 AM,540
KRAV01,KELLY,CDPB,05/26/2018,12:00:00 PM,720
KRAV01,KELLY,SHCW,05/26/2018,1:30:00 PM,810
LANI01,JJ,SHCW,05/26/2018,1:30:00 PM,810
MAUA01,JJ,SHCW,05/26/2018,9:50:00 AM,590
NELT01,SINEAD,SBD,05/26/2018,10:00:00 AM,600
PATB01,BECKY,SHCW,05/26/2018,2:00:00 PM,840
RADP01,KELLY,SHCM,05/26/2018,12:30:00 PM,750
RETM01,SINEAD,SHCW,05/26/2018,3:00:00 PM,900
RODP01,SINEAD,SBD,05/26/2018,8:20:00 AM,500
SASM01,KELLY,CT,05/26/2018,2:20:00 PM,860
SASM01,KELLY,SHCW,05/26/2018,2:40:00 PM,880
SPEK01,JOANNE,CTU,05/26/2018,2:30:00 PM,870
WILT01,JJ,SHCW,05/26/2018,12:30:00 PM,750
WONM02,JJ,SBD,05/26/2018,3:30:00 PM,930
WOOJ01,JJ,SBD,05/26/2018,4:30:00 PM,990
ANDM01,BECKY,SHCM,05/29/2018,7:00:00 PM,1140
AYKS01,JOANNE,CHLPL,05/29/2018,2:00:00 PM,840
AYKS01,KELLY,SHCW,05/29/2018,3:30:00 PM,930
BUFJ01,BECKY,SHCM,05/29/2018,3:00:00 PM,900
BUFW01,SINEAD,SHCM,05/29/2018,3:20:00 PM,920
DAWP01,SINEAD,SHCW,05/29/2018,10:30:00 AM,630
DHAL01,JJ,SHCW,05/29/2018,10:00:00 AM,600
DODK01,SINEAD,SHCW,05/29/2018,6:00:00 PM,1080
HILD01,JOANNE,CHLPHC,05/29/2018,4:30:00 PM,990
HILD01,JOANNE,SMARTBOND,05/29/2018,6:00:00 PM,1080
JOHD01,SINEAD,SHCM,05/29/2018,4:10:00 PM,970
KEIS01,BECKY,SHCW,05/29/2018,2:00:00 PM,840
KEN*01,SINEAD,SHCW,05/29/2018,12:10:00 PM,730
LAWJ01,SINEAD,SHCM,05/29/2018,5:00:00 PM,1020
LEB01,KELLY,SMARTBOND,05/29/2018,12:40:00 PM,760
LEB01,KELLY,SHCW,05/29/2018,1:50:00 PM,830
MULN01,JJ,SBD,05/29/2018,2:00:00 PM,840
OWED01,SINEAD,SHCM,05/29/2018,1:30:00 PM,810
PUGS01,JOANNE,CALC,05/29/2018,3:00:00 PM,900
PUGS01,JJ,SHCW,05/29/2018,5:00:00 PM,1020
ROWD01,BECKY,SHCW,05/29/2018,5:30:00 PM,1050
SCHJ01,JJ,CCAMO,05/29/2018,1:40:00 PM,820
STEJ01,KELLY,CFC,05/29/2018,12:00:00 PM,720
STEJ01,KELLY,SHCW,05/29/2018,1:00:00 PM,780
STEL02,BECKY,SHCM,05/29/2018,10:00:00 AM,600
STEM02,JJ,SHCM,05/29/2018,6:20:00 PM,1100
THOA01,KELLY,SHCW,05/29/2018,6:00:00 PM,1080
VANJ01,BECKY,SHCC,05/29/2018,4:40:00 PM,1000
WALC01,JOANNE,CFC,05/29/2018,10:00:00 AM,600
WEIA01,JJ,SHCW,05/29/2018,4:00:00 PM,960
ZUKS01,BECKY,SHCM,05/29/2018,3:50:00 PM,950
BALJ01,SINEAD,SHCW,05/30/2018,10:30:00 AM,630
BOSJ01,SINEAD,SHCW,05/30/2018,2:00:00 PM,840
BOYL01,SINEAD,CON,05/30/2018,11:40:00 AM,700
BREM01,SINEAD,SHCM,05/30/2018,5:10:00 PM,1030
BROS01,HOUSE,SBD5+1,05/30/2018,1:00:00 PM,780
CHUH01,SINEAD,SHCW,05/30/2018,7:00:00 PM,1140
DACJ01,SINEAD,SBD,05/30/2018,3:00:00 PM,900
DEK01,JJ,SHCW,05/30/2018,3:00:00 PM,900
ESKR01,JJ,SHCW,05/30/2018,2:00:00 PM,840
FREJ01,BECKY,SHCM,05/30/2018,6:20:00 PM,1100
GALB01,JJ,SHCM,05/30/2018,11:00:00 AM,660
HOUC01,KELLY,SHCW,05/30/2018,11:00:00 AM,660
JOHJ01,SINEAD,SHCW,05/30/2018,6:00:00 PM,1080
KUKK01,SINEAD,SBD,05/30/2018,12:00:00 PM,720
MAEJ01,JOANNE,CTU,05/30/2018,11:40:00 AM,700
MAEJ01,JJ,SHCW,05/30/2018,12:50:00 PM,770
MOHR01,KELLY,SHCW,05/30/2018,3:20:00 PM,920
MORD01,KELLY,SHCM,05/30/2018,10:00:00 AM,600
NELT01,SINEAD,SBD,05/30/2018,3:40:00 PM,940
SLEA01,JJ,SHCM,05/30/2018,12:00:00 PM,720
SPRK01,JOANNE,CHLPHC,05/30/2018,10:00:00 AM,600
SPRK01,BECKY,SBD,05/30/2018,12:10:00 PM,730
BISD01,SINEAD,CON,05/31/2018,6:30:00 PM,1110
CHUJ01,SINEAD,SBD,05/31/2018,3:20:00 PM,920
CORS02,BECKY,SHCW,05/31/2018,10:20:00 AM,620
COWS01,JOANNE,TRE 1,05/31/2018,4:40:00 PM,1000
COWS01,JOANNE,CBAL,05/31/2018,5:00:00 PM,1020
DOWR01,JJ,SBD,05/31/2018,7:00:00 PM,1140
ELSM01,BECKY,SBD,05/31/2018,5:00:00 PM,1020
ERWS01,JJ,CON,05/31/2018,4:30:00 PM,990
GELK01,JJ,SHCW,05/31/2018,1:00:00 PM,780
HAMN01,JOANNE,CFC,05/31/2018,10:00:00 AM,600
HAMN01,BECKY,SBD,05/31/2018,11:20:00 AM,680
HOLG01,KELLY,SHCW,05/31/2018,5:00:00 PM,1020
HOLL01,SINEAD,SBD,05/31/2018,12:30:00 PM,750
IRWE01,SINEAD,SHCM,05/31/2018,5:40:00 PM,1060
IRWE01,JOANNE,CTU,05/31/2018,6:30:00 PM,1110
LEEJ01,KELLY,SHCW,05/31/2018,2:00:00 PM,840
LEVL01,JJ,SHCW,05/31/2018,11:20:00 AM,680
LYNG01,JJ,SHCM,05/31/2018,5:30:00 PM,1050
MACK01,SINEAD,SHCM,05/31/2018,4:50:00 PM,1010
MANL01,SINEAD,CON,05/31/2018,11:20:00 AM,680
MCGA01,JJ,SHCW,05/31/2018,2:00:00 PM,840
OGRS01,JOANNE,CDPB,05/31/2018,1:30:00 PM,810
OGRS01,JOANNE,SMARTBOND,05/31/2018,3:00:00 PM,900
OGRS01,JJ,SHCW,05/31/2018,3:40:00 PM,940
PAUB01,KELLY,CBAL,05/31/2018,5:50:00 PM,1070
PER*01,JJ,SHCW,05/31/2018,8:40:00 AM,520
REIM01,BECKY,SHCM,05/31/2018,12:10:00 PM,730
SMIC01,SINEAD,SHCW,05/31/2018,11:30:00 AM,690
STED01,KELLY,SBD,05/31/2018,4:00:00 PM,960
STEK01,BECKY,SBD,05/31/2018,4:00:00 PM,960
WAIS01,SINEAD,SHCW,05/31/2018,10:20:00 AM,620
WILS01,JJ,SHCW,05/31/2018,9:40:00 AM,580
YOUS01,JOANNE,CALC,05/31/2018,12:40:00 PM,760
YOUS01,SINEAD,SHCW,05/31/2018,2:10:00 PM,850
CYRA01,BECKY,CON,06/01/2018,4:00:00 PM,960
FZUA01,BECKY,SHCW,06/01/2018,1:40:00 PM,820
GOSD01,JJ,SHCW,06/01/2018,11:00:00 AM,660
GOUE01,BECKY,SHCW,06/01/2018,9:50:00 AM,590
JARM01,JJ,SHCW,06/01/2018,6:30:00 PM,1110
MCLI01,JJ,SHCM,06/01/2018,5:40:00 PM,1060
MUMK01,JOANNE,CTU,06/01/2018,2:00:00 PM,840
MUMK01,JJ,SHCW,06/01/2018,3:10:00 PM,910
NADS01,JOANNE,CFC,06/01/2018,3:00:00 PM,900
NADS01,JJ,SHCW,06/01/2018,4:40:00 PM,1000
NADS01,KELLY,SBD,06/01/2018,5:30:00 PM,1050
NICP01,BECKY,SHCM,06/01/2018,4:30:00 PM,990
PAIK01,BECKY,SHCW,06/01/2018,6:00:00 PM,1080
PUGS01,JJ,SDUD,06/01/2018,12:00:00 PM,720
SCHP01,JOANNE,CALC,06/01/2018,12:50:00 PM,770
SCHP01,BECKY,SHCW,06/01/2018,2:40:00 PM,880
SIRM01,BECKY,SBD,06/01/2018,9:00:00 AM,540
STEB01,BECKY,SHCM,06/01/2018,10:50:00 AM,650
ABLD01,BECKY,SHCM,06/02/2018,2:00:00 PM,840
BANR01,JOANNE,CTU,06/02/2018,10:00:00 AM,600
BANR01,BECKY,SBD,06/02/2018,11:20:00 AM,680
BENL01,JOANNE,CT,06/02/2018,9:30:00 AM,570
BUDG02,SINEAD,SHCM,06/02/2018,1:00:00 PM,780
BURK01,KELLY,SBD,06/02/2018,11:00:00 AM,660
CULT01,SINEAD,SHCW,06/02/2018,2:00:00 PM,840
DHAS01,KELLY,SHCW,06/02/2018,3:20:00 PM,920
FERK01,JJ,SBD,06/02/2018,12:50:00 PM,770
HOFA01,JJ,SHCM,06/02/2018,9:00:00 AM,540
HOFA01,JJ,CCAMO,06/02/2018,9:50:00 AM,590
HUDM01,JOANNE,CHLPL,06/02/2018,11:20:00 AM,680
HUDM01,KELLY,SBD,06/02/2018,1:50:00 PM,830
KIRR01,BECKY,SHCM,06/02/2018,3:30:00 PM,930
MAF*01,JJ,SHCW,06/02/2018,3:00:00 PM,900
METJ01,BECKY,SHCW,06/02/2018,8:50:00 AM,530
METJ01,BECKY,TRE 1,06/02/2018,9:40:00 AM,580
MILE01,SINEAD,SHCW,06/02/2018,11:00:00 AM,660
OHLJ01,JOANNE,CFC,06/02/2018,12:30:00 PM,750
PEDM01,BECKY,SHCW,06/02/2018,10:00:00 AM,600
PEDM02,BECKY,SHCM,06/02/2018,12:10:00 PM,730
PHIC01,SINEAD,SHCW,06/02/2018,9:50:00 AM,590
PURD01,JJ,SHCM,06/02/2018,2:00:00 PM,840
RODP01,SINEAD,SBD,06/02/2018,8:50:00 AM,530
RODP01,SINEAD,TRE 1,06/02/2018,9:30:00 AM,570
RUMJ02,JOANNE,CTU,06/02/2018,9:00:00 AM,540
RUMJ02,JJ,SHCW,06/02/2018,10:20:00 AM,620
SKUD01,BECKY,SBD,06/02/2018,2:40:00 PM,880
STUM01,JOANNE,CHLPHC,06/02/2018,1:40:00 PM,820
VARL01,KELLY,CTU,06/02/2018,10:30:00 AM,630
VARL01,KELLY,SHCW,06/02/2018,11:50:00 AM,710
WOOJ01,SINEAD,SBD,06/02/2018,3:10:00 PM,910
COMJ01,BECKY,SHCW,06/03/2018,3:00:00 PM,900
CZES01,BECKY,SMO,06/03/2018,10:40:00 AM,640
INGS01,BECKY,SHCW,06/03/2018,2:00:00 PM,840
MICM01,BECKY,SHCW,06/03/2018,1:00:00 PM,780
NELT01,BECKY,SBD,06/03/2018,10:00:00 AM,600
SENM01,BECKY,SHCW,06/03/2018,4:00:00 PM,960
WONM02,JJ,SHCW,06/03/2018,3:40:00 PM,940
AITS01,JJ,SHCM,06/05/2018,10:00:00 AM,600
ASIS01,KELLY,SHCW,06/05/2018,10:00:00 AM,600
BISS01,JOANNE,CHLPL,06/05/2018,11:00:00 AM,660
BISS01,BECKY,SHCW,06/05/2018,1:00:00 PM,780
BOWV01,JJ,SHCW,06/05/2018,12:30:00 PM,750
BROA01,BECKY,SHCW,06/05/2018,11:40:00 AM,700
CASH01,JJ,SHCW,06/05/2018,5:00:00 PM,1020
FINW01,BECKY,SHCM,06/05/2018,7:00:00 PM,1140
GORM01,JOANNE,CTU,06/05/2018,1:30:00 PM,810
GORM01,KELLY,SHCW,06/05/2018,2:30:00 PM,870
GRIP01,BECKY,SHCM,06/05/2018,10:00:00 AM,600
HEIM01,BECKY,SHCW,06/05/2018,4:20:00 PM,980
LEHJ01,JJ,SHCM,06/05/2018,6:00:00 PM,1080
MARK01,BECKY,SHCW,06/05/2018,6:00:00 PM,1080
MARR01,JJ,SHCW,06/05/2018,7:00:00 PM,1140
REDM01,JJ,SHCW,06/05/2018,2:00:00 PM,840
SIDA01,BECKY,SHCW,06/05/2018,10:50:00 AM,650
THOW02,JJ,SHCM,06/05/2018,11:00:00 AM,660
TRAS01,JOANNE,CHLPHC,06/05/2018,12:00:00 PM,720
WRI*01,BECKY,SHCM,06/05/2018,3:30:00 PM,930
YATT01,BECKY,SHCM,06/05/2018,2:40:00 PM,880
AMAK01,KELLY,SBD,06/06/2018,3:30:00 PM,930
ANDE01,KELLY,SHCW,06/06/2018,1:00:00 PM,780
CHRJ01,JJ,SHCW,06/06/2018,2:00:00 PM,840
CLAJ01,JJ,SBD,06/06/2018,5:10:00 PM,1030
COLB01,JJ,SHCM,06/06/2018,8:00:00 AM,480
COLE01,JJ,SHCM,06/06/2018,8:30:00 AM,510
DANJ03,JJ,SHCW,06/06/2018,4:00:00 PM,960
FEDS01,JJ,SHCW,06/06/2018,12:40:00 PM,760
GRET01,JJ,SHCM,06/06/2018,9:10:00 AM,550
HOLL01,JJ,SBD,06/06/2018,12:00:00 PM,720
LEEK01,KELLY,SHCW,06/06/2018,4:10:00 PM,970
MCGA01,JOANNE,CAS,06/06/2018,2:00:00 PM,840
NGUJ01,KELLY,CDPB,06/06/2018,10:00:00 AM,600
NGUJ01,KELLY,SHCW,06/06/2018,1:50:00 PM,830
SCOL01,JJ,SHCW,06/06/2018,11:00:00 AM,660
TRUA01,JJ,SHCM,06/06/2018,6:00:00 PM,1080
VERD01,KELLY,SHCM,06/06/2018,5:30:00 PM,1050
WEES01,JJ,SHCM,06/06/2018,3:00:00 PM,900
ALCV01,KELLY,SHCW,06/07/2018,3:20:00 PM,920
APPS01,KELLY,SBD,06/07/2018,2:30:00 PM,870
BIZK01,JJ,SBD,06/07/2018,11:00:00 AM,660
BROA01,JOANNE,CTU,06/07/2018,3:00:00 PM,900
BROF01,JOANNE,CALC,06/07/2018,10:30:00 AM,630
BROF01,KELLY,SBD,06/07/2018,12:00:00 PM,720
CLUS01,KELLY,SHCW,06/07/2018,5:10:00 PM,1030
HERD01,KELLY,SHCW,06/07/2018,6:50:00 PM,1130
KOOM01,JJ,SHCW,06/07/2018,10:00:00 AM,600
KUKK01,JOANNE,CHLPL,06/07/2018,5:00:00 PM,1020
KUKK01,JJ,SBD,06/07/2018,7:00:00 PM,1140
NELT01,JJ,SBD,06/07/2018,9:10:00 AM,550
PENM01,JOANNE,CTU,06/07/2018,11:30:00 AM,690
PENM01,JJ,SHCW,06/07/2018,1:00:00 PM,780
POLB01,KELLY,SBD,06/07/2018,1:00:00 PM,780
SWAM01,KELLY,SHCW,06/07/2018,6:00:00 PM,1080
WINJ01,JJ,SHCW,06/07/2018,2:00:00 PM,840
WOOD02,JJ,SBD,06/07/2018,5:00:00 PM,1020
WOOJ01,JOANNE,CALC,06/07/2018,4:10:00 PM,970
WOOJ01,JJ,SBD,06/07/2018,5:40:00 PM,1060
ARRM01,JOANNE,CFC,06/08/2018,2:30:00 PM,870
ARRM01,KELLY,SBD,06/08/2018,3:50:00 PM,950
BEAA02,JJ,SHCW,06/08/2018,6:50:00 PM,1130
BOES01,JOANNE,CHLPL,06/08/2018,3:10:00 PM,910
CALC01,KELLY,SHCW,06/08/2018,5:10:00 PM,1030
CLAM01,JJ,SHCW,06/08/2018,12:00:00 PM,720
COLG01,JJ,SBD,06/08/2018,4:20:00 PM,980
DUFD01,JJ,CON,06/08/2018,9:30:00 AM,570
LUL01,KELLY,SHCW,06/08/2018,3:00:00 PM,900
MALJ01,JJ,SHCW,06/08/2018,1:00:00 PM,780
MARO01,KELLY,SDUD,06/08/2018,2:00:00 PM,840
MERN01,KELLY,SHCW,06/08/2018,6:00:00 PM,1080
NGC01,KELLY,SHCW,06/08/2018,4:20:00 PM,980
NICM01,JJ,SHCW,06/08/2018,10:00:00 AM,600
REIL01,JJ,SBD,06/08/2018,5:10:00 PM,1030
SARK01,JJ,SHCW,06/08/2018,11:00:00 AM,660
SINS01,JJ,SHCM,06/08/2018,6:00:00 PM,1080
STOK02,JJ,SHCW,06/08/2018,2:50:00 PM,890
ZIMJ01,JJ,SHCM,06/08/2018,2:00:00 PM,840
BAIS01,KELLY,SHCW,06/09/2018,1:30:00 PM,810
CAND01,JJ,SHCM,06/09/2018,11:00:00 AM,660
CAND01,JJ,CCAMO,06/09/2018,11:50:00 AM,710
CHOT01,KELLY,SHCW,06/09/2018,3:10:00 PM,910
FRAL01,JOANNE,CFC,06/09/2018,1:00:00 PM,780
FRAL01,KELLY,SHCW,06/09/2018,2:20:00 PM,860
GALG01,JJ,SHCW,06/09/2018,9:00:00 AM,540
HUDM01,JJ,SBD,06/09/2018,8:00:00 AM,480
JASA01,JJ,SHCW,06/09/2018,2:40:00 PM,880
KOSI01,JOANNE,CTU,06/09/2018,11:00:00 AM,660
KOSI01,JJ,SHCW,06/09/2018,12:30:00 PM,750
KRIJ01,JJ,SHCW,06/09/2018,10:00:00 AM,600
KUZD01,JOANNE,CTU,06/09/2018,3:00:00 PM,900
KUZD01,KELLY,SHCW,06/09/2018,4:10:00 PM,970
LEAS01,JOANNE,CTU,06/09/2018,10:20:00 AM,620
LEVL01,JJ,SBD,06/09/2018,2:00:00 PM,840
NEMM01,JJ,SHCW,06/09/2018,3:40:00 PM,940
OBRK01,KELLY,SBD,06/09/2018,5:00:00 PM,1020
PEDM01,JJ,CON,06/09/2018,12:10:00 PM,730
YANJ01,KELLY,SHCW,06/09/2018,9:00:00 AM,540
ALCV01,KELLY,CBAL,06/12/2018,11:40:00 AM,700
ALCV01,KELLY,CT,06/12/2018,1:40:00 PM,820
ALCV01,KELLY,SMARTBOND,06/12/2018,2:00:00 PM,840
CLAM01,JOANNE,CHLPHC,06/12/2018,1:00:00 PM,780
DAJR01,JOANNE,CFC,06/12/2018,4:40:00 PM,1000
DAJR01,JJ,SHCW,06/12/2018,6:00:00 PM,1080
GIAL01,JOANNE,CHLPL,06/12/2018,5:20:00 PM,1040
GIAL01,JJ,SHCW,06/12/2018,7:00:00 PM,1140
KULR01,KELLY,SHCW,06/12/2018,6:00:00 PM,1080
LEEP01,JJ,SHCM,06/12/2018,9:20:00 AM,560
LEL01,KELLY,SHCM,06/12/2018,11:00:00 AM,660
LINM02,JJ,SHCW,06/12/2018,2:20:00 PM,860
MCCK01,KELLY,SHCW,06/12/2018,5:10:00 PM,1030
MORB01,JOANNE,CTU,06/12/2018,12:00:00 PM,720
MORB01,JJ,SHCW,06/12/2018,1:20:00 PM,800
NELT01,JJ,SBD,06/12/2018,10:10:00 AM,610
PER*01,JJ,SBD,06/12/2018,8:30:00 AM,510
PIPJ01,JJ,SHCM,06/12/2018,5:00:00 PM,1020
TAYL02,JJ,SHCW,06/12/2018,4:00:00 PM,960
BELK01,KELLY,SHCW,06/13/2018,1:00:00 PM,780
COLJ02,JJ,SHCW,06/13/2018,6:30:00 PM,1110
ELSM01,KELLY,SBD,06/13/2018,3:00:00 PM,900
FELH01,JJ,SHCW,06/13/2018,11:00:00 AM,660
LIND01,JOANNE,CFC,06/13/2018,11:50:00 AM,710
LIND01,JJ,SHCW,06/13/2018,1:10:00 PM,790
MAKP01,KELLY,SHCM,06/13/2018,6:00:00 PM,1080
MINA01,JJ,SHCW,06/13/2018,4:10:00 PM,970
NEEL01,JOANNE,CTU,06/13/2018,11:00:00 AM,660
NEEL01,JJ,SHCW,06/13/2018,12:10:00 PM,730
SHIG01,JOANNE,CHLPL,06/13/2018,2:00:00 PM,840
SHIG01,JJ,SHCW,06/13/2018,3:10:00 PM,910
WARN01,JJ,SHCM,06/13/2018,5:10:00 PM,1030
WICJ01,JJ,SHCM,06/13/2018,10:00:00 AM,600
?A01,KELLY,SBD,06/14/2018,1:30:00 PM,810
BOOR01,JJ,SHCW,06/14/2018,4:20:00 PM,980
CAYK01,JOANNE,CTU,06/14/2018,5:30:00 PM,1050
CAYK01,JOANNE,TRE 1,06/14/2018,6:30:00 PM,1110
CAYK01,JJ,SBD,06/14/2018,7:00:00 PM,1140
DES01,BECKY,SHCW,06/14/2018,2:00:00 PM,840
FAUA01,KELLY,CT,06/14/2018,5:00:00 PM,1020
FAUA01,KELLY,SHCW,06/14/2018,5:50:00 PM,1070
FLAD01,BECKY,SHCM,06/14/2018,10:00:00 AM,600
HACL01,JJ,SHCW,06/14/2018,3:00:00 PM,900
KUKK01,BECKY,SBD,06/14/2018,9:00:00 AM,540
KUMA01,KELLY,SHCW,06/14/2018,6:40:00 PM,1120
MACM01,JOANNE,CHLFH,06/14/2018,10:00:00 AM,600
MARA01,BECKY,SHCW,06/14/2018,3:00:00 PM,900
MCND01,BECKY,SHCM,06/14/2018,12:00:00 PM,720
MCNR01,KELLY,SHCM,06/14/2018,12:00:00 PM,720
NOWT01,JJ,SHCW,06/14/2018,12:00:00 PM,720
SHAA01,BECKY,SHCM,06/14/2018,8:00:00 AM,480
STAD01,KELLY,MISC,06/14/2018,4:30:00 PM,990
TOMV01,JJ,SBD,06/14/2018,5:30:00 PM,1050
TSAR01,JJ,SHCM,06/14/2018,2:10:00 PM,850
WONM02,HOUSE,SBD5+1,06/14/2018,1:00:00 PM,780
ALIA01,BECKY,SHCM,06/15/2018,6:00:00 PM,1080
BRAN01,BECKY,SHCM,06/15/2018,8:10:00 AM,490
CARK01,KELLY,SBD,06/15/2018,5:30:00 PM,1050
CHEW01,JJ,SHCW,06/15/2018,12:00:00 PM,720
COLG01,BECKY,SBD,06/15/2018,10:30:00 AM,630
COLJ01,JJ,SHCM,06/15/2018,9:10:00 AM,550
COOM01,BECKY,SHCW,06/15/2018,11:10:00 AM,670
CRAY01,KELLY,SHCW,06/15/2018,11:10:00 AM,670
DANJ03,JJ,SBD,06/15/2018,8:20:00 AM,500
HILJ01,JOANNE,CTU,06/15/2018,3:30:00 PM,930
HILJ01,BECKY,SBD,06/15/2018,5:10:00 PM,1030
HUDS01,JOANNE,CFC,06/15/2018,12:30:00 PM,750
KLEA01,BECKY,SHCM,06/15/2018,9:50:00 AM,590
MACV01,BECKY,SHCW,06/15/2018,3:00:00 PM,900
OSES01,JJ,SHCW,06/15/2018,6:20:00 PM,1100
REIL01,BECKY,SBD,06/15/2018,1:10:00 PM,790
ROBT01,JOANNE,CTU,06/15/2018,12:00:00 PM,720
SCHC01,JOANNE,CALC,06/15/2018,2:00:00 PM,840
SIRM01,BECKY,SBD,06/15/2018,9:00:00 AM,540
SPIJ01,BECKY,SHCM,06/15/2018,12:20:00 PM,740
TAGS02,KELLY,CTU,06/15/2018,5:00:00 PM,1020
TAGS02,KELLY,SHCW,06/15/2018,6:10:00 PM,1090
THOD01,JJ,SHCM,06/15/2018,11:10:00 AM,670
TINA01,JJ,SHCW,06/15/2018,2:00:00 PM,840
TINA02,JJ,SHCW,06/15/2018,10:00:00 AM,600
VERR01,JJ,SHCW,06/15/2018,5:20:00 PM,1040
WARG01,JJ,SBD,06/15/2018,3:00:00 PM,900
WIL*01,JJ,SBD,06/15/2018,1:00:00 PM,780
YANC01,JOANNE,CTU,06/15/2018,1:10:00 PM,790
DEUD01,KELLY,SHCW,06/16/2018,11:10:00 AM,670
GARJ01,JOANNE,CFC,06/16/2018,10:00:00 AM,600
GARJ01,JJ,SHCW,06/16/2018,11:20:00 AM,680
MARG01,JJ,SHCM,06/16/2018,9:30:00 AM,570
MARM01,JOANNE,CFC,06/16/2018,3:00:00 PM,900
MASR01,JJ,SBD,06/16/2018,8:30:00 AM,510
MAXI01,KELLY,SHCM,06/16/2018,10:30:00 AM,630
PHIJ01,JOANNE,CTU,06/16/2018,2:20:00 PM,860
RICS01,JJ,SHCW,06/16/2018,1:20:00 PM,800
ROPR01,KELLY,CBAL,06/16/2018,12:00:00 PM,720
ROPR01,KELLY,SHCW,06/16/2018,2:20:00 PM,860
SASA01,KELLY,SHCW,06/16/2018,3:20:00 PM,920
SCHH01,JJ,SHCW,06/16/2018,10:20:00 AM,620
TAYE01,JJ,SHCM,06/16/2018,12:30:00 PM,750
TUMM01,JOANNE,CTU,06/16/2018,9:00:00 AM,540
TUMM01,KELLY,SBD,06/16/2018,10:10:00 AM,610
BOTN01,BECKY,SHCM,06/17/2018,10:00:00 AM,600
BREH01,JJ,SHCW,06/17/2018,12:50:00 PM,770
HUDM01,BECKY,SBD,06/17/2018,3:20:00 PM,920
HUDS01,BECKY,SBD,06/17/2018,2:30:00 PM,870
ROUT01,JJ,CDPB,06/17/2018,2:00:00 PM,840
STOD01,BECKY,SHCM,06/17/2018,10:50:00 AM,650
WOOJ01,BECKY,SBD,06/17/2018,4:10:00 PM,970
BROS02,BECKY,SHCM,06/19/2018,6:00:00 PM,1080
CHIC01,KELLY,SHCW,06/19/2018,4:30:00 PM,990
DHAN01,JOANNE,CFC,06/19/2018,3:20:00 PM,920
DHAN01,JJ,SBD,06/19/2018,4:50:00 PM,1010
HOAS01,KELLY,SHCW,06/19/2018,2:40:00 PM,880
HOFJ01,KELLY,SHCW,06/19/2018,5:50:00 PM,1070
HOUN01,JJ,SHCW,06/19/2018,3:20:00 PM,920
JOHM01,KELLY,SHCM,06/19/2018,3:30:00 PM,930
KIRR01,BECKY,SHCM,06/19/2018,6:50:00 PM,1130
MACS01,JJ,MISC,06/19/2018,6:00:00 PM,1080
MELE01,BECKY,SHCM,06/19/2018,5:10:00 PM,1030
MOOH01,JJ,CON,06/19/2018,12:00:00 PM,720
MOSR01,JJ,SHCW,06/19/2018,6:30:00 PM,1110
NIZS01,BECKY,SHCW,06/19/2018,10:00:00 AM,600
RICP01,BECKY,SHCW,06/19/2018,12:00:00 PM,720
SARA01,JJ,SHCM,06/19/2018,1:00:00 PM,780
STEK02,KELLY,SBD,06/19/2018,10:10:00 AM,610
STEK02,KELLY,TRE 1,06/19/2018,10:50:00 AM,650
TAMA01,KELLY,CON,06/19/2018,7:10:00 PM,1150
TAYL01,JOANNE,CHLPL,06/19/2018,1:00:00 PM,780
TRES01,BECKY,SHCM,06/19/2018,4:00:00 PM,960
BORJ01,JJ,SHCM,06/20/2018,6:30:00 PM,1110
CARK01,KELLY,CTU,06/20/2018,4:00:00 PM,960
CHIT01,JJ,SHCW,06/20/2018,10:00:00 AM,600
CORS01,JOANNE,CAL,06/20/2018,12:00:00 PM,720
CORS01,JJ,SHCW,06/20/2018,1:20:00 PM,800
KERT01,JJ,SHCW,06/20/2018,9:00:00 AM,540
MACD01,KELLY,SHCW,06/20/2018,1:00:00 PM,780
POTR01,JJ,SHCM,06/20/2018,11:50:00 AM,710
SCHJ01,JJ,SHCM,06/20/2018,2:10:00 PM,850
SCHJ01,JJ,CCAMO,06/20/2018,2:50:00 PM,890
SLUS01,JJ,SHCM,06/20/2018,11:00:00 AM,660
TRIL01,JJ,SHCW,06/20/2018,3:00:00 PM,900
VERM01,JJ,SHCW,06/20/2018,12:40:00 PM,760
WAGM01,JOANNE,CTU,06/20/2018,10:30:00 AM,630
WAL*01,JJ,SHCW,06/20/2018,5:30:00 PM,1050
WITC01,KELLY,SHCM,06/20/2018,10:30:00 AM,630
AINM01,JJ,SHCW,06/21/2018,12:40:00 PM,760
BHAT01,BECKY,SHCW,06/21/2018,2:00:00 PM,840
BURL01,JOANNE,CTU,06/21/2018,11:20:00 AM,680
BURL01,KELLY,SHCW,06/21/2018,12:40:00 PM,760
BURT01,JJ,SHCM,06/21/2018,5:00:00 PM,1020
COLG01,JOANNE,CALC,06/21/2018,10:30:00 AM,630
COLG01,BECKY,SBD,06/21/2018,12:10:00 PM,730
DONN01,JJ,SBD,06/21/2018,8:30:00 AM,510
GHOP01,JOANNE,CTU,06/21/2018,10:00:00 AM,600
GHOP01,BECKY,SHCW,06/21/2018,11:10:00 AM,670
HENB01,JJ,SHCM,06/21/2018,4:10:00 PM,970
HILE01,JJ,SHCW,06/21/2018,9:30:00 AM,570
JM01,KELLY,CON,06/21/2018,2:20:00 PM,860
KOZC01,KELLY,SHCW,06/21/2018,12:00:00 PM,720
KUKK01,BECKY,SBD,06/21/2018,12:50:00 PM,770
LEEM01,JOANNE,CFC,06/21/2018,4:40:00 PM,1000
LEEM01,JJ,SHCW,06/21/2018,5:50:00 PM,1070
MANL01,BECKY,SHCW,06/21/2018,9:20:00 AM,560
MOLA01,JJ,SHCW,06/21/2018,3:10:00 PM,910
RIHM01,BECKY,SBD,06/21/2018,8:30:00 AM,510
ROSD02,HOUSE,CON,06/21/2018,6:00:00 PM,1080
RUBA01,JJ,SHCW,06/21/2018,11:30:00 AM,690
RUTR01,JOANNE,CFC,06/21/2018,6:00:00 PM,1080
RUTR01,JJ,SHCW,06/21/2018,7:00:00 PM,1140
WYRC01,JOANNE,CTU,06/21/2018,12:00:00 PM,720
ABL*01,BECKY,SHCM,06/22/2018,3:30:00 PM,930
BUDG02,BECKY,SHCM,06/22/2018,6:00:00 PM,1080
CROB01,KELLY,SHCM,06/22/2018,5:00:00 PM,1020
DSIC01,JJ,SHCW,06/22/2018,4:00:00 PM,960
HILJ01,HOUSE,SBD5+1,06/22/2018,4:30:00 PM,990
INFB01,KELLY,CON,06/22/2018,6:10:00 PM,1090
KATS01,KELLY,SHCW,06/22/2018,10:30:00 AM,630
KHUN01,KELLY,CON,06/22/2018,5:40:00 PM,1060
KOEE01,KELLY,SHCM,06/22/2018,2:00:00 PM,840
LIMB01,BECKY,SHCM,06/22/2018,5:20:00 PM,1040
MURS01,BECKY,SHCM,06/22/2018,1:40:00 PM,820
NGUS01,JJ,SHCW,06/22/2018,3:00:00 PM,900
PANP01,KELLY,SHCW,06/22/2018,12:20:00 PM,740
SIRM01,HOUSE,SBD5+1,06/22/2018,9:00:00 AM,540
WIL*01,JOANNE,CTU,06/22/2018,11:00:00 AM,660
WIL*01,JJ,SHCW,06/22/2018,12:20:00 PM,740
WOOD02,JJ,SBD,06/22/2018,7:10:00 PM,1150
?A01,KELLY,SBD,06/23/2018,4:30:00 PM,990
BENS02,JOANNE,CFC,06/23/2018,2:40:00 PM,880
CONJ01,JJ,SHCW,06/23/2018,11:20:00 AM,680
ERWS01,JOANNE,CTU,06/23/2018,9:00:00 AM,540
ERWS01,JJ,SHCW,06/23/2018,10:10:00 AM,610
FIGM01,KELLY,CTU,06/23/2018,11:00:00 AM,660
HUAR01,KELLY,SBD,06/23/2018,9:20:00 AM,560
LEEO01,JOANNE,CALC,06/23/2018,12:40:00 PM,760
REDM01,JJ,CON,06/23/2018,9:00:00 AM,540
RUDJ01,KELLY,SHCW,06/23/2018,3:40:00 PM,940
SPRK01,JJ,SHCW,06/23/2018,8:00:00 AM,480
SUNS01,KELLY,CTU,06/23/2018,1:00:00 PM,780
SUNS01,KELLY,SHCW,06/23/2018,2:10:00 PM,850
TAYB01,JJ,SHCW,06/23/2018,1:00:00 PM,780
TIEM01,KELLY,CDPB,06/23/2018,10:00:00 AM,600
TIEM01,KELLY,SHCM,06/23/2018,12:20:00 PM,740
WOOJ01,JOANNE,CTU,06/23/2018,2:10:00 PM,850
WOOJ01,JJ,SBD,06/23/2018,3:20:00 PM,920
BRES01,JJ,SHCW,06/26/2018,10:50:00 AM,650
FANM01,JJ,SHCW,06/26/2018,5:00:00 PM,1020
FER*01,BECKY,SHCW,06/26/2018,5:30:00 PM,1050
FIND01,JOANNE,CHLPL,06/26/2018,2:00:00 PM,840
FIND01,KELLY,SBD,06/26/2018,4:10:00 PM,970
FRAM01,KELLY,SHCW,06/26/2018,5:00:00 PM,1020
LEHF01,BECKY,SHCW,06/26/2018,12:10:00 PM,730
LEM01,KELLY,CON,06/26/2018,7:10:00 PM,1150
LINJ01,JJ,SHCW,06/26/2018,9:00:00 AM,540
MARD01,BECKY,SHCW,06/26/2018,2:20:00 PM,860
NELT01,JJ,SBD,06/26/2018,12:00:00 PM,720
NIES02,JJ,SHCM,06/26/2018,10:00:00 AM,600
PARJ02,KELLY,SHCM,06/26/2018,11:00:00 AM,660
PENM01,JOANNE,CMT,06/26/2018,3:50:00 PM,950
PENM01,BECKY,SBD,06/26/2018,4:50:00 PM,1010
RICP01,KELLY,SBD,06/26/2018,1:40:00 PM,820
STEK01,BECKY,SHCW,06/26/2018,11:00:00 AM,660
TRAJ01,JJ,SHCM,06/26/2018,4:00:00 PM,960
VERD01,KELLY,SHCM,06/26/2018,3:00:00 PM,900
YATT01,BECKY,SHCM,06/26/2018,10:00:00 AM,600
ZHAV01,JOANNE,CFC,06/26/2018,5:30:00 PM,1050
ZUKS01,BECKY,SHCM,06/26/2018,1:20:00 PM,800
BELK01,KELLY,CFC,06/27/2018,1:00:00 PM,780
BERI01,JJ,SHCM,06/27/2018,8:00:00 AM,480
CARK01,KELLY,CTU,06/27/2018,4:40:00 PM,1000
CARK01,KELLY,SHCM,06/27/2018,5:30:00 PM,1050
COXH01,KELLY,SHCW,06/27/2018,1:30:00 PM,810
GREB01,JJ,SHCM,06/27/2018,10:30:00 AM,630
HOLL01,JOANNE,CTU,06/27/2018,11:00:00 AM,660
HOLL01,BECKY,SBD,06/27/2018,12:20:00 PM,740
HOWC01,JJ,SHCM,06/27/2018,1:00:00 PM,780
LEWH02,KELLY,SBD,06/27/2018,10:30:00 AM,630
LYNG01,JJ,SHCM,06/27/2018,9:00:00 AM,540
MCCB01,BECKY,SHCM,06/27/2018,1:50:00 PM,830
MESN01,BECKY,SBD,06/27/2018,11:00:00 AM,660
PARS01,BECKY,SHCW,06/27/2018,1:00:00 PM,780
SHAS01,JJ,SHCM,06/27/2018,5:00:00 PM,1020
STEH01,JJ,SHCM,06/27/2018,2:50:00 PM,890
WOOD01,JOANNE,CTU,06/27/2018,10:00:00 AM,600
WOOD01,JJ,SHCW,06/27/2018,11:20:00 AM,680
YANM01,KELLY,SHCW,06/27/2018,3:20:00 PM,920
ADAP01,KELLY,CFC,06/28/2018,4:30:00 PM,990
ADAP01,KELLY,SHCW,06/28/2018,5:40:00 PM,1060
BATP01,JJ,SHCM,06/28/2018,4:30:00 PM,990
BENC01,JOANNE,CTU,06/28/2018,10:00:00 AM,600
BOTC01,BECKY,SHCW,06/28/2018,9:50:00 AM,590
BOTK01,JJ,SHCW,06/28/2018,9:50:00 AM,590
BOTS01,KELLY,SHCW,06/28/2018,12:00:00 PM,720
BURD01,BECKY,SHCM,06/28/2018,5:20:00 PM,1040
DOWR01,JJ,SBD,06/28/2018,6:10:00 PM,1090
DUFD01,JJ,SHCM,06/28/2018,8:50:00 AM,530
ELSM01,BECKY,SBD,06/28/2018,3:50:00 PM,950
HOG*01,BECKY,SHCM,06/28/2018,3:00:00 PM,900
KUKK01,HOUSE,SBD5+1,06/28/2018,8:00:00 AM,480
MAKM01,BECKY,SHCM,06/28/2018,4:30:00 PM,990
RUBA01,JJ,CON,06/28/2018,5:20:00 PM,1040
SIDA01,BECKY,SHCW,06/28/2018,10:50:00 AM,650
SILG01,JJ,SHCW,06/28/2018,3:00:00 PM,900
WALT01,KELLY,SHCW,06/28/2018,6:30:00 PM,1110
WASS01,KELLY,SHCM,06/28/2018,5:00:00 PM,1020
WEES01,JJ,CON,06/28/2018,4:00:00 PM,960
YEHC01,JJ,SHCW,06/28/2018,12:50:00 PM,770
APTM01,JJ,SHCM,06/29/2018,5:30:00 PM,1050
COLG01,JJ,SHCW,06/29/2018,9:00:00 AM,540
COLR01,BECKY,SHCM,06/29/2018,10:30:00 AM,630
COLR02,BECKY,SHCM,06/29/2018,8:10:00 AM,490
FIOJ01,KELLY,SHCW,06/29/2018,4:30:00 PM,990
FLEL01,BECKY,SHCM,06/29/2018,1:00:00 PM,780
GREL01,BECKY,SHCW,06/29/2018,11:40:00 AM,700
HAMN01,JOANNE,CTU,06/29/2018,12:30:00 PM,750
HAMN01,JJ,SHCW,06/29/2018,1:50:00 PM,830
KALA01,JOANNE,CHLPHC,06/29/2018,1:30:00 PM,810
KALA01,JJ,SHCW,06/29/2018,4:30:00 PM,990
KLEA01,BECKY,SHCM,06/29/2018,9:50:00 AM,590
LEVL01,JJ,SHCW,06/29/2018,10:00:00 AM,600
MARK01,BECKY,CON,06/29/2018,5:40:00 PM,1060
MCMC01,JJ,SHCW,06/29/2018,11:00:00 AM,660
MCWC01,KELLY,CBAL,06/29/2018,3:00:00 PM,900
MCWC01,KELLY,SHCW,06/29/2018,5:20:00 PM,1040
NGUS01,JOANNE,CALC,06/29/2018,10:00:00 AM,600
OGDJ01,BECKY,SHCW,06/29/2018,4:10:00 PM,970
OHA*01,BECKY,SHCC,06/29/2018,1:50:00 PM,830
OHAG01,JJ,SHCM,06/29/2018,1:00:00 PM,780
SAVP01,JJ,SHCW,06/29/2018,12:00:00 PM,720
SIRM01,BECKY,SBD,06/29/2018,9:00:00 AM,540
WANM01,BECKY,SHCW,06/29/2018,6:00:00 PM,1080
CASN01,BECKY,SBD,06/30/2018,8:00:00 AM,480
DELC01,BECKY,SHCM,06/30/2018,9:20:00 AM,560
DEYS01,BECKY,SHCW,06/30/2018,2:00:00 PM,840
EZIR01,JJ,SHCW,06/30/2018,11:00:00 AM,660
FISV01,JOANNE,CFC,06/30/2018,11:30:00 AM,690
FISV01,BECKY,SHCW,06/30/2018,1:00:00 PM,780
GOSD01,JOANNE,CHLPL,06/30/2018,10:00:00 AM,600
HAMA01,KELLY,SHCW,06/30/2018,10:00:00 AM,600
IRWE01,JOANNE,CTU,06/30/2018,9:00:00 AM,540
IRWE01,BECKY,SHCM,06/30/2018,10:10:00 AM,610
KRAV01,KELLY,CDPB,06/30/2018,2:30:00 PM,870
KRAV01,KELLY,SMARTBOND,06/30/2018,3:00:00 PM,900
KRAV01,KELLY,SHCW,06/30/2018,3:50:00 PM,950
LAS01,JJ,SHCW,06/30/2018,2:10:00 PM,850
LEHN01,JJ,SHCW,06/30/2018,10:00:00 AM,600
SKUD01,HOUSE,SBD5+1,06/30/2018,11:00:00 AM,660
TAMA01,KELLY,CBAL,06/30/2018,10:50:00 AM,650
TAMA01,KELLY,SMARTBOND,06/30/2018,12:20:00 PM,740
TAMA01,KELLY,CT,06/30/2018,12:50:00 PM,770
TAMA01,KELLY,SHCW,06/30/2018,1:40:00 PM,820
TRAS02,JOANNE,CFC,06/30/2018,10:50:00 AM,650
WELN01,JJ,SBD,06/30/2018,3:10:00 PM,910
WOOJ01,BECKY,SBD,06/30/2018,12:00:00 PM,720
BROS01,BECKY,SBD,07/03/2018,10:00:00 AM,600
DHAS02,KELLY,CHLHH,07/03/2018,1:00:00 PM,780
DHAS02,KELLY,SHCW,07/03/2018,2:30:00 PM,870
ESKR01,JJ,CON,07/03/2018,10:30:00 AM,630
HILJ01,BECKY,SBD,07/03/2018,10:50:00 AM,650
JOHD01,BECKY,SHCM,07/03/2018,7:00:00 PM,1140
KIMH01,JJ,SHCW,07/03/2018,11:00:00 AM,660
KREJ01,BECKY,SHCW,07/03/2018,2:40:00 PM,880
LAWJ01,BECKY,SHCM,07/03/2018,5:00:00 PM,1020
LEHJ01,JJ,SHCM,07/03/2018,6:00:00 PM,1080
NICP01,BECKY,SHCM,07/03/2018,4:20:00 PM,980
NORJ01,JJ,SHCM,07/03/2018,12:10:00 PM,730
OWED01,BECKY,SHCM,07/03/2018,1:30:00 PM,810
ROWD01,BECKY,SHCW,07/03/2018,5:50:00 PM,1070
SUNS01,KELLY,CTU,07/03/2018,10:00:00 AM,600
TASJ01,JJ,SHCM,07/03/2018,2:00:00 PM,840
TINA02,JOANNE,CHLPL,07/03/2018,11:00:00 AM,660
WONM02,JJ,SBD,07/03/2018,8:00:00 AM,480
ALVJ01,JJ,SHCW,07/04/2018,11:00:00 AM,660
ARRM01,JOANNE,CFC,07/04/2018,1:30:00 PM,810
ARRM01,JJ,SBD,07/04/2018,2:50:00 PM,890
COLG01,KELLY,SBD,07/04/2018,3:10:00 PM,910
DAMK01,JOANNE,CTU,07/04/2018,3:00:00 PM,900
DAMK01,KELLY,SHCW,07/04/2018,4:20:00 PM,980
GELK01,JJ,SHCW,07/04/2018,1:00:00 PM,780
GRET01,JJ,SHCM,07/04/2018,2:00:00 PM,840
GROJ01,JJ,SHCM,07/04/2018,5:50:00 PM,1070
OZDC02,JOANNE,CON,07/04/2018,5:30:00 PM,1050
PANB01,KELLY,SHCM,07/04/2018,10:00:00 AM,600
PARD01,KELLY,SHCM,07/04/2018,11:00:00 AM,660
RIDY01,JOANNE,CHLPL,07/04/2018,10:00:00 AM,600
TANJ01,KELLY,SHCM,07/04/2018,2:00:00 PM,840
TAYN01,JJ,SHCW,07/04/2018,12:00:00 PM,720
VELA01,JJ,CON,07/04/2018,1:50:00 PM,830
BANR01,JOANNE,CTU,07/05/2018,1:00:00 PM,780
BANR01,BECKY,SBD,07/05/2018,2:30:00 PM,870
BRAN01,BECKY,SHCM,07/05/2018,5:00:00 PM,1020
BRIK01,JJ,SHCW,07/05/2018,3:40:00 PM,940
CYRA01,BECKY,SHCW,07/05/2018,12:00:00 PM,720
DEH01,JJ,SBD,07/05/2018,10:20:00 AM,620
DHOA01,JJ,SBD,07/05/2018,2:00:00 PM,840
GALB01,JJ,SHCM,07/05/2018,5:30:00 PM,1050
GRIA01,BECKY,SHCW,07/05/2018,10:10:00 AM,610
GUBD01,JJ,SHCM,07/05/2018,2:50:00 PM,890
KIRJ01,KELLY,SHCM,07/05/2018,1:30:00 PM,810
KOLK01,KELLY,SHCW,07/05/2018,6:00:00 PM,1080
POUG01,KELLY,SHCM,07/05/2018,2:30:00 PM,870
SCHJ01,JJ,CCAMO,07/05/2018,11:00:00 AM,660
STOV01,JJ,SHCM,07/05/2018,9:30:00 AM,570
VALT01,KELLY,SHCM,07/05/2018,7:00:00 PM,1140
BEBY01,BECKY,SHCW,07/06/2018,2:30:00 PM,870
BOYL01,BECKY,SHCW,07/06/2018,1:30:00 PM,810
CALD01,JJ,SHCM,07/06/2018,2:00:00 PM,840
CARK01,KELLY,SBD,07/06/2018,5:40:00 PM,1060
CHMY01,BECKY,SHCW,07/06/2018,9:50:00 AM,590
GOSD01,JJ,SHCW,07/06/2018,3:00:00 PM,900
HADD01,KELLY,SBD,07/06/2018,4:20:00 PM,980
HIMB01,JJ,SHCW,07/06/2018,11:00:00 AM,660
LEM01,KELLY,CBAL,07/06/2018,11:20:00 AM,680
LEM01,KELLY,SHCW,07/06/2018,2:30:00 PM,870
LIND01,JOANNE,CMT,07/06/2018,11:30:00 AM,690
LIND01,BECKY,SBD5+1,07/06/2018,12:50:00 PM,770
MARO01,KELLY,SDUD,07/06/2018,10:00:00 AM,600
MCAJ01,JJ,SHCW,07/06/2018,1:00:00 PM,780
MINA02,JOANNE,CT,07/06/2018,3:30:00 PM,930
MINA02,BECKY,SHCW,07/06/2018,4:20:00 PM,980
MOIB01,JOANNE,CTU,07/06/2018,3:00:00 PM,900
MOIB01,JJ,SHCW,07/06/2018,4:10:00 PM,970
MUMK01,JOANNE,CTU,07/06/2018,11:00:00 AM,660
MUMK01,JJ,SHCW,07/06/2018,12:10:00 PM,730
ROBM01,JJ,MISC,07/06/2018,2:50:00 PM,890
SHAM01,KELLY,SHCM,07/06/2018,1:10:00 PM,790
SINM01,JJ,SHCW,07/06/2018,5:10:00 PM,1030
SIRM01,BECKY,SBD,07/06/2018,9:00:00 AM,540
TERJ01,KELLY,SHCM,07/06/2018,6:30:00 PM,1110
THOD01,JJ,SHCM,07/06/2018,10:10:00 AM,610
?A01,KELLY,SBD,07/07/2018,1:10:00 PM,790
ARRM01,JJ,SBD,07/07/2018,11:40:00 AM,700
BERH01,JJ,SHCW,07/07/2018,3:00:00 PM,900
BREH01,JJ,SBD,07/07/2018,2:00:00 PM,840
CASH01,JJ,CON,07/07/2018,9:00:00 AM,540
CHOK01,KELLY,SHCW,07/07/2018,11:20:00 AM,680
HUDM01,KELLY,SBD,07/07/2018,3:00:00 PM,900
KINN01,JJ,SHCW,07/07/2018,9:20:00 AM,560
MACB01,JJ,CON,07/07/2018,2:40:00 PM,880
MORD01,KELLY,SHCM,07/07/2018,2:00:00 PM,840
NADS01,JOANNE,CTU,07/07/2018,2:20:00 PM,860
PIJM01,KELLY,CBAL,07/07/2018,9:00:00 AM,540
PIJM01,KELLY,SHCW,07/07/2018,12:10:00 PM,730
POIJ01,JOANNE,CFC,07/07/2018,12:10:00 PM,730
SMIS01,JOANNE,CHLPL,07/07/2018,10:30:00 AM,630
SMIS01,JJ,SHCW,07/07/2018,12:30:00 PM,750
SPEK01,JOANNE,CTU,07/07/2018,9:00:00 AM,540
SPEK01,JJ,SHCW,07/07/2018,10:20:00 AM,620
SQUN01,JJ,SHCM,07/07/2018,5:00:00 PM,1020
STOD01,JJ,CON,07/07/2018,8:30:00 AM,510
WONM02,JOANNE,CMT,07/07/2018,2:50:00 PM,890
WONM02,JJ,SBD,07/07/2018,4:00:00 PM,960
ARRM01,BECKY,SMO,07/10/2018,2:30:00 PM,870
BALO01,JJ,SHCW,07/10/2018,12:30:00 PM,750
BESJ01,KELLY,SHCM,07/10/2018,4:50:00 PM,1010
BUDG02,BECKY,SHCM,07/10/2018,5:50:00 PM,1070
CLAM01,JJ,SHCW,07/10/2018,8:30:00 AM,510
DEAM01,KELLY,SHCM,07/10/2018,3:00:00 PM,900
GRIP01,BECKY,SHCM,07/10/2018,10:00:00 AM,600
HILJ01,BECKY,SBD,07/10/2018,5:00:00 PM,1020
HOLD01,BECKY,SHCW,07/10/2018,12:00:00 PM,720
LANR01,KELLY,SHCM,07/10/2018,1:20:00 PM,800
MART01,JOANNE,CTU,07/10/2018,11:00:00 AM,660
MART01,KELLY,SHCW,07/10/2018,12:30:00 PM,750
MASA01,BECKY,SHCM,07/10/2018,10:50:00 AM,650
NIDN01,JOANNE,CFC,07/10/2018,4:50:00 PM,1010
NIDN01,KELLY,SBD,07/10/2018,6:10:00 PM,1090
RICP01,BECKY,SHCW,07/10/2018,1:30:00 PM,810
SCHP01,JOANNE,CTU,07/10/2018,5:30:00 PM,1050
SCHP01,BECKY,SHCW,07/10/2018,6:40:00 PM,1120
SINS01,JJ,SHCM,07/10/2018,4:20:00 PM,980
SINS02,KELLY,SHCM,07/10/2018,4:00:00 PM,960
SMIL01,JJ,SHCM,07/10/2018,11:00:00 AM,660
TAYE01,JJ,SHCM,07/10/2018,6:30:00 PM,1110
WARG01,JJ,SHCW,07/10/2018,10:00:00 AM,600
WEIA01,JJ,SHCW,07/10/2018,2:00:00 PM,840
WELN01,JJ,SHCW,07/10/2018,5:30:00 PM,1050
WOOJ01,JOANNE,CTU,07/10/2018,6:00:00 PM,1080
WOOJ01,JJ,SBD,07/10/2018,7:20:00 PM,1160
CLAJ01,TANYA,SBD,07/11/2018,5:00:00 PM,1020
COLG01,JOANNE,CTU,07/11/2018,12:40:00 PM,760
COLG01,JJ,SBD,07/11/2018,2:00:00 PM,840
DUFM01,KELLY,SHCM,07/11/2018,1:00:00 PM,780
JACA01,JJ,SHCW,07/11/2018,10:00:00 AM,600
JARM01,JJ,SHCW,07/11/2018,2:40:00 PM,880
KEAJ01,JJ,SHCW,07/11/2018,9:00:00 AM,540
KIMS01,JJ,SHCW,07/11/2018,11:00:00 AM,660
MCGA01,JJ,SHCW,07/11/2018,1:00:00 PM,780
MUNJ01,KELLY,SHCC,07/11/2018,4:50:00 PM,1010
MUNM01,JJ,SHCC,07/11/2018,4:50:00 PM,1010
NICM01,JJ,SHCW,07/11/2018,3:50:00 PM,950
PRIL01,JOANNE,CHLPL,07/11/2018,1:30:00 PM,810
WICJ01,JJ,SHCM,07/11/2018,12:10:00 PM,730
WONM02,JJ,SBD,07/11/2018,5:30:00 PM,1050
BROF01,JOANNE,CALC,07/12/2018,11:20:00 AM,680
BROF01,KELLY,SBD,07/12/2018,12:50:00 PM,770
BUSC01,JOANNE,CAL,07/12/2018,5:00:00 PM,1020
BUSC01,JJ,SHCW,07/12/2018,6:20:00 PM,1100
DOWR01,BECKY,SBD,07/12/2018,5:10:00 PM,1030
DUBO01,TANYA,CFC,07/12/2018,5:00:00 PM,1020
FLAD01,BECKY,SHCM,07/12/2018,9:00:00 AM,540
GOUE01,BECKY,SHCW,07/12/2018,12:00:00 PM,720
HENA01,JOANNE,CTU,07/12/2018,9:40:00 AM,580
HENA01,BECKY,SHCW,07/12/2018,11:00:00 AM,660
JACA01,JJ,CON,07/12/2018,5:20:00 PM,1040
JARS01,JJ,SHCW,07/12/2018,4:20:00 PM,980
LIMJ01,BECKY,SHCM,07/12/2018,2:10:00 PM,850
MAEJ01,JOANNE,CFC,07/12/2018,10:40:00 AM,640
MAEJ01,JJ,SHCW,07/12/2018,12:00:00 PM,720
MOOJ01,KELLY,SBD,07/12/2018,4:30:00 PM,990
POLB01,BECKY,SHCW,07/12/2018,1:10:00 PM,790
RIJR01,JJ,SHCM,07/12/2018,11:00:00 AM,660
SITB01,KELLY,SHCM,07/12/2018,1:30:00 PM,810
SITB01,KELLY,CFC,07/12/2018,2:10:00 PM,850
SPEC01,BECKY,SHCW,07/12/2018,3:30:00 PM,930
STEC01,JJ,SHCW,07/12/2018,2:10:00 PM,850
TAYD01,JJ,SHCW,07/12/2018,1:00:00 PM,780
WAIS01,BECKY,SHCW,07/12/2018,10:00:00 AM,600
WRIM01,TANYA,SBD,07/12/2018,1:50:00 PM,830
ZIMJ01,JJ,SHCM,07/12/2018,3:30:00 PM,930
BARW01,JJ,SHCM,07/13/2018,3:30:00 PM,930
BOWM01,JJ,SHCW,07/13/2018,9:30:00 AM,570
CAND01,JJ,SHCM,07/13/2018,12:40:00 PM,760
CARB01,BECKY,SHCW,07/13/2018,1:00:00 PM,780
DUFD01,JJ,CON,07/13/2018,10:30:00 AM,630
FREK01,BECKY,SHCW,07/13/2018,9:50:00 AM,590
KIMY01,JJ,SHCW,07/13/2018,11:30:00 AM,690
LYK01,KELLY,SHCW,07/13/2018,1:30:00 PM,810
POOD01,BECKY,SHCM,07/13/2018,5:00:00 PM,1020
ROZM01,JOANNE,CHLPL,07/13/2018,11:00:00 AM,660
SARK01,JOANNE,CALC,07/13/2018,12:10:00 PM,730
SARK01,JJ,SHCW,07/13/2018,2:20:00 PM,860
SIRM01,BECKY,SBD,07/13/2018,9:00:00 AM,540
SKUD01,BECKY,SBD,07/13/2018,4:00:00 PM,960
WOOD02,JJ,SBD,07/13/2018,4:10:00 PM,970
ARBA01,KELLY,SHCW,07/14/2018,9:00:00 AM,540
BINP01,JJ,SHCW,07/14/2018,9:20:00 AM,560
BROS01,BECKY,SBD,07/14/2018,12:20:00 PM,740
CECA01,KELLY,SHCM,07/14/2018,12:40:00 PM,760
COWL01,JOANNE,CHLPL,07/14/2018,1:30:00 PM,810
COWL01,BECKY,SHCW,07/14/2018,3:10:00 PM,910
CULT01,BECKY,SHCW,07/14/2018,1:10:00 PM,790
DALR01,KELLY,SHCW,07/14/2018,2:20:00 PM,860
FLAS01,JOANNE,CFC,07/14/2018,10:00:00 AM,600
FLAS01,BECKY,SHCW,07/14/2018,11:20:00 AM,680
HELJ01,BECKY,SHCM,07/14/2018,9:00:00 AM,540
HUTP01,JJ,SHCM,07/14/2018,2:20:00 PM,860
LAIA01,TANYA,SBD,07/14/2018,1:50:00 PM,830
LAMD01,JOANNE,CBAL,07/14/2018,10:40:00 AM,640
MOHM01,KELLY,SHCM,07/14/2018,10:30:00 AM,630
MUIK01,KELLY,SHCM,07/14/2018,9:50:00 AM,590
SHAA01,BECKY,SHCM,07/14/2018,9:50:00 AM,590
SMAN01,KELLY,SHCW,07/14/2018,1:30:00 PM,810
TOBJ01,JJ,SHCW,07/14/2018,10:30:00 AM,630
TOPS01,BECKY,SHCW,07/14/2018,2:10:00 PM,850
YAGL01,KELLY,SHCW,07/14/2018,3:40:00 PM,940
BARJ01,BECKY,SHCM,07/15/2018,2:30:00 PM,870
BROT01,BECKY,SHCW,07/15/2018,1:00:00 PM,780
CONK01,BECKY,SHCW,07/15/2018,10:00:00 AM,600
HAMD01,BECKY,SHCM,07/15/2018,11:00:00 AM,660
NIKK01,JJ,SBD,07/15/2018,2:30:00 PM,870
WONM02,JJ,SBD,07/15/2018,4:00:00 PM,960
YATT01,BECKY,SHCM,07/15/2018,12:00:00 PM,720
BOSJ01,BECKY,SHCW,07/17/2018,2:00:00 PM,840
GROR01,JJ,SHCM,07/17/2018,6:30:00 PM,1110
GUYD01,BECKY,SHCM,07/17/2018,4:00:00 PM,960
GUYD01,BECKY,CCAMO,07/17/2018,4:50:00 PM,1010
HENB01,JJ,SHCM,07/17/2018,10:00:00 AM,600
HILJ01,JOANNE,CMT,07/17/2018,10:00:00 AM,600
HILJ01,BECKY,SBD,07/17/2018,11:10:00 AM,670
HYLK01,JJ,SHCW,07/17/2018,11:40:00 AM,700
JOHJ01,BECKY,SHCW,07/17/2018,6:00:00 PM,1080
JURS01,BECKY,SHCW,07/17/2018,7:00:00 PM,1140
KUKK01,BECKY,SBD,07/17/2018,12:00:00 PM,720
KWOR01,KELLY,SHCM,07/17/2018,1:30:00 PM,810
LEEP01,JJ,SHCM,07/17/2018,9:10:00 AM,550
PAE01,KELLY,CHLHHC,07/17/2018,2:10:00 PM,850
PAE01,KELLY,SHCW,07/17/2018,4:10:00 PM,970
PARJ01,KELLY,SHCM,07/17/2018,5:00:00 PM,1020
PIPJ01,JJ,SHCM,07/17/2018,5:40:00 PM,1060
RIHM01,BECKY,SBD,07/17/2018,5:20:00 PM,1040
SARM01,JOANNE,CFC,07/17/2018,1:00:00 PM,780
SARM01,JJ,SHCW,07/17/2018,2:20:00 PM,860
STUM01,JOANNE,CALC,07/17/2018,3:00:00 PM,900
THOW02,JJ,SHCM,07/17/2018,10:50:00 AM,650
TIML01,TANYA,SBD,07/17/2018,12:00:00 PM,720
TRAS01,JOANNE,CHLPHC,07/17/2018,11:00:00 AM,660
YANC01,JOANNE,CTU,07/17/2018,1:40:00 PM,820
BEZK01,JJ,SHCW,07/18/2018,11:50:00 AM,710
BOES01,JOANNE,CAL,07/18/2018,11:00:00 AM,660
ELSM01,JJ,SBD,07/18/2018,4:10:00 PM,970
ELSM01,JJ,TRE 1,07/18/2018,4:50:00 PM,1010
LEVL01,JJ,SBD,07/18/2018,10:20:00 AM,620
MANL01,JJ,SHCW,07/18/2018,1:00:00 PM,780
PHIJ01,JJ,SHCW,07/18/2018,2:00:00 PM,840
POTR01,JJ,SHCM,07/18/2018,5:00:00 PM,1020
SLUS01,JJ,SHCM,07/18/2018,11:00:00 AM,660
STAT01,TANYA,SBD,07/18/2018,12:00:00 PM,720
VARE01,JJ,SHCW,07/18/2018,3:10:00 PM,910
BEAA02,JJ,SHCW,07/19/2018,4:00:00 PM,960
BROS01,BECKY,SBD,07/19/2018,4:00:00 PM,960
CHAE01,BECKY,SHCW,07/19/2018,3:00:00 PM,900
COHH01,KELLY,SHCW,07/19/2018,12:00:00 PM,720
COLG01,BECKY,SBD,07/19/2018,12:30:00 PM,750
ESKR01,JJ,SHCW,07/19/2018,3:00:00 PM,900
HEIM01,BECKY,SHCW,07/19/2018,2:00:00 PM,840
HERD01,KELLY,SHCW,07/19/2018,6:30:00 PM,1110
HOLL01,JJ,SHCW,07/19/2018,1:50:00 PM,830
JASA01,JJ,SHCW,07/19/2018,8:50:00 AM,530
KEIS01,BECKY,SHCW,07/19/2018,8:30:00 AM,510
LIMB01,BECKY,SHCM,07/19/2018,11:10:00 AM,670
NICL01,JOANNE,CHLPL,07/19/2018,5:00:00 PM,1020
NICL01,JJ,SHCW,07/19/2018,7:00:00 PM,1140
SIDA01,BECKY,SHCW,07/19/2018,10:20:00 AM,620
SINJ01,JJ,SHCW,07/19/2018,11:00:00 AM,660
STEM02,JJ,SHCM,07/19/2018,9:50:00 AM,590
WIL*01,JOANNE,CTU,07/19/2018,11:00:00 AM,660
WIL*01,JJ,SHCW,07/19/2018,12:00:00 PM,720
WOOJ02,BECKY,SHCM,07/19/2018,1:10:00 PM,790
CRIV01,JJ,SHCW,07/20/2018,9:30:00 AM,570
CRIV01,JJ,SBD,07/20/2018,10:20:00 AM,620
DIRK01,KELLY,CHLHHC,07/20/2018,11:20:00 AM,680
DIRK01,KELLY,SHCW,07/20/2018,1:20:00 PM,800
FAIL01,KELLY,SHCW,07/20/2018,10:00:00 AM,600
KLEA01,BECKY,SHCM,07/20/2018,9:40:00 AM,580
KOOM01,JJ,SHCW,07/20/2018,11:00:00 AM,660
LIND01,JOANNE,CMT,07/20/2018,11:00:00 AM,660
LIND01,BECKY,SBD,07/20/2018,12:10:00 PM,730
LYL01,JJ,SHCW,07/20/2018,6:10:00 PM,1090
MARK01,BECKY,SHCW,07/20/2018,6:10:00 PM,1090
MAXI01,KELLY,SHCM,07/20/2018,4:50:00 PM,1010
MCGD01,JJ,SHCW,07/20/2018,1:00:00 PM,780
MOOE01,KELLY,SHCW,07/20/2018,4:00:00 PM,960
MOOH01,JJ,SHCW,07/20/2018,2:00:00 PM,840
MURS02,JOANNE,CHLPL,07/20/2018,1:50:00 PM,830
PENM01,JOANNE,CMT,07/20/2018,4:00:00 PM,960
PENM01,JJ,SBD,07/20/2018,5:30:00 PM,1050
POLB01,BECKY,SBD,07/20/2018,12:50:00 PM,770
POUG01,BECKY,SHCM,07/20/2018,2:40:00 PM,880
ROBT01,JOANNE,CALC,07/20/2018,1:00:00 PM,780
ROBT01,KELLY,SBD,07/20/2018,2:10:00 PM,850
RUBH02,TANYA,CTU,07/20/2018,2:20:00 PM,860
RUBH02,TANYA,SBD,07/20/2018,3:30:00 PM,930
RUTR01,JOANNE,CTU,07/20/2018,4:40:00 PM,1000
RUTR01,JJ,SBD,07/20/2018,7:10:00 PM,1150
SCHC01,JOANNE,CHLPL,07/20/2018,3:00:00 PM,900
SENM01,BECKY,SHCW,07/20/2018,5:10:00 PM,1030
SKUD01,BECKY,SHCW,07/20/2018,10:40:00 AM,640
STEB01,BECKY,SHCM,07/20/2018,4:00:00 PM,960
THOW01,JJ,SHCW,07/20/2018,12:00:00 PM,720
TOMA01,KELLY,SHCW,07/20/2018,3:00:00 PM,900
?A01,KELLY,SBD,07/21/2018,2:20:00 PM,860
ALLM01,JJ,SHCW,07/21/2018,11:10:00 AM,670
HYSA01,JJ,SHCM,07/21/2018,2:00:00 PM,840
LEIG01,KELLY,CHLHH,07/21/2018,9:00:00 AM,540
LEIG01,KELLY,CON,07/21/2018,12:10:00 PM,730
LELS01,KELLY,SBD,07/21/2018,10:00:00 AM,600
MARG01,JJ,SHCM,07/21/2018,9:30:00 AM,570
MCGA03,KELLY,SHCM,07/21/2018,11:30:00 AM,690
ROST01,JJ,SHCM,07/21/2018,1:20:00 PM,800
RUGN01,TANYA,CTU,07/21/2018,9:00:00 AM,540
RUGN01,TANYA,SBD,07/21/2018,10:10:00 AM,610
SARA01,JJ,SHCM,07/21/2018,10:20:00 AM,620
SCHC01,JJ,SHCW,07/21/2018,8:30:00 AM,510
WONM02,JJ,SBD,07/21/2018,12:20:00 PM,740
ABL*01,BECKY,SHCM,07/24/2018,4:00:00 PM,960
AGOE01,JJ,SHCW,07/24/2018,11:00:00 AM,660
BISS01,BECKY,CON,07/24/2018,12:50:00 PM,770
BORJ01,JJ,SHCM,07/24/2018,2:20:00 PM,860
BROS02,BECKY,SHCM,07/24/2018,6:00:00 PM,1080
CARK01,KELLY,SBD,07/24/2018,6:00:00 PM,1080
CLAJ01,JJ,SHCW,07/24/2018,1:20:00 PM,800
CLAM01,JOANNE,CTU,07/24/2018,12:30:00 PM,750
DAS*01,KELLY,SHCM,07/24/2018,5:30:00 PM,1050
DAWP01,BECKY,SHCW,07/24/2018,10:50:00 AM,650
GIEC01,JJ,SHCM,07/24/2018,6:30:00 PM,1110
KUKH01,JOANNE,CHLPL,07/24/2018,4:30:00 PM,990
KUKH01,BECKY,SHCW,07/24/2018,7:00:00 PM,1140
KUKK01,BECKY,SBD,07/24/2018,12:00:00 PM,720
LEES01,JJ,SHCW,07/24/2018,5:30:00 PM,1050
MACA01,JOANNE,CALC,07/24/2018,3:00:00 PM,900
MACA01,JJ,SHCW,07/24/2018,4:30:00 PM,990
MELE01,BECKY,SHCM,07/24/2018,10:00:00 AM,600
ND01,BECKY,SHCM,07/24/2018,4:50:00 PM,1010
NOTA01,BECKY,SBD,07/24/2018,2:50:00 PM,890
TRUA01,JJ,SHCM,07/24/2018,3:10:00 PM,910
TRUA02,KELLY,SHCM,07/24/2018,3:10:00 PM,910
ATLB01,KELLY,SHCM,07/25/2018,5:00:00 PM,1020
BENC01,JOANNE,CTU,07/25/2018,1:00:00 PM,780
COLJ01,JJ,SHCM,07/25/2018,9:10:00 AM,550
DOWR01,TANYA,SBD,07/25/2018,1:30:00 PM,810
GA01,TANYA,CTU,07/25/2018,6:30:00 PM,1110
GA01,TANYA,SBD,07/25/2018,7:30:00 PM,1170
GAGC01,JJ,SHCW,07/25/2018,3:00:00 PM,900
GARJ02,JJ,SHCW,07/25/2018,4:00:00 PM,960
HENI01,JJ,FRI,07/25/2018,12:10:00 PM,730
KRAS01,KELLY,SHCW,07/25/2018,12:40:00 PM,760
LAIA01,KELLY,SBD,07/25/2018,2:30:00 PM,870
MCLI01,JJ,SHCM,07/25/2018,6:20:00 PM,1100
MOOJ01,KELLY,SBD,07/25/2018,4:00:00 PM,960
NEEL01,JOANNE,CTU,07/25/2018,12:00:00 PM,720
NEEL01,JJ,SHCW,07/25/2018,1:20:00 PM,800
RADP01,KELLY,SHCW,07/25/2018,10:00:00 AM,600
RUTA01,JOANNE,CTU,07/25/2018,10:00:00 AM,600
RUTA01,JJ,SHCW,07/25/2018,11:10:00 AM,670
WOOJ01,JOANNE,CON,07/25/2018,4:00:00 PM,960
WOOJ01,JJ,CON,07/25/2018,7:10:00 PM,1150
BRAN01,BECKY,SHCM,07/26/2018,9:00:00 AM,540
CAYK01,JOANNE,CFC,07/26/2018,5:30:00 PM,1050
CAYK01,JOANNE,TRE 1,07/26/2018,6:50:00 PM,1130
CAYK01,KELLY,SHCW,07/26/2018,7:10:00 PM,1150
COLG01,JJ,SBD,07/26/2018,10:00:00 AM,600
GOOA02,BECKY,SHCW,07/26/2018,8:00:00 AM,480
HILJ01,BECKY,SBD,07/26/2018,2:30:00 PM,870
JONC01,BECKY,SHCM,07/26/2018,5:20:00 PM,1040
LYNG01,JJ,SHCM,07/26/2018,9:00:00 AM,540
MACR01,JJ,SHCM,07/26/2018,10:40:00 AM,640
MACT02,JJ,SHCC,07/26/2018,11:30:00 AM,690
MAKM01,BECKY,SHCM,07/26/2018,4:30:00 PM,990
MILJ01,JJ,SBD,07/26/2018,6:40:00 PM,1120
MOOJ01,KELLY,CHLHH,07/26/2018,2:30:00 PM,870
SCHJ02,JJ,SHCM,07/26/2018,1:40:00 PM,820
SCOL01,BECKY,SHCW,07/26/2018,3:20:00 PM,920
SIRM01,BECKY,SBD,07/26/2018,10:00:00 AM,600
SKUT01,BECKY,SHCW,07/26/2018,12:30:00 PM,750
SMIC01,BECKY,SHCW,07/26/2018,11:30:00 AM,690
SMIL01,JJ,SHCM,07/26/2018,12:00:00 PM,720
TASR01,JOANNE,CCO,07/26/2018,1:00:00 PM,780
TASR01,JOANNE,SMARTBOND,07/26/2018,1:40:00 PM,820
THOD01,JJ,SHCM,07/26/2018,2:50:00 PM,890
VERD01,KELLY,SHCM,07/26/2018,5:10:00 PM,1030
WEEJ01,JJ,SBD,07/26/2018,1:00:00 PM,780
AMAB01,KELLY,SHCM,07/27/2018,4:00:00 PM,960
CHMY01,BECKY,SHCW,07/27/2018,10:50:00 AM,650
CHUJ01,HOUSE,SBD5+1,07/27/2018,6:00:00 PM,1080
DUFD01,JJ,SHCM,07/27/2018,11:30:00 AM,690
GRIF01,JOANNE,CTU,07/27/2018,1:00:00 PM,780
GRIF01,JJ,SHCW,07/27/2018,2:30:00 PM,870
JAMM01,BECKY,SHCM,07/27/2018,2:00:00 PM,840
JONE01,KELLY,CBAL,07/27/2018,10:00:00 AM,600
JONE01,KELLY,SBD,07/27/2018,12:50:00 PM,770
KENJ01,KELLY,SBD,07/27/2018,4:30:00 PM,990
KUCM02,JJ,SHCW,07/27/2018,5:30:00 PM,1050
LEAS01,JOANNE,CAL,07/27/2018,11:00:00 AM,660
LINM01,JOANNE,CHLPL,07/27/2018,2:40:00 PM,880
LINM01,JJ,SHCW,07/27/2018,4:30:00 PM,990
LOSC01,KELLY,SHCW,07/27/2018,1:30:00 PM,810
LYOH01,BECKY,SHCW,07/27/2018,2:50:00 PM,890
MARR01,JJ,SHCW,07/27/2018,3:30:00 PM,930
MCKT01,BECKY,SHCW,07/27/2018,5:00:00 PM,1020
MERM01,BECKY,SHCM,07/27/2018,11:50:00 AM,710
PN01,KELLY,SHCM,07/27/2018,5:10:00 PM,1030
SCHJ01,JJ,SHCM,07/27/2018,12:20:00 PM,740
SCHJ01,JJ,CCAMO,07/27/2018,1:10:00 PM,790
SKUD01,BECKY,SBD,07/27/2018,10:00:00 AM,600
STEL02,BECKY,SHCM,07/27/2018,4:10:00 PM,970
THIA01,KELLY,SHCW,07/27/2018,6:00:00 PM,1080
WOOD02,JJ,SBD,07/27/2018,6:30:00 PM,1110
ZIMJ01,JJ,CON,07/27/2018,11:10:00 AM,670
BOTN01,BECKY,SHCM,07/28/2018,9:00:00 AM,540
BROS01,BECKY,SBD,07/28/2018,4:10:00 PM,970
BURT01,JOANNE,CAL,07/28/2018,1:00:00 PM,780
BURT01,JJ,SHCM,07/28/2018,2:10:00 PM,850
COAJ01,JOANNE,CHLHHC,07/28/2018,1:30:00 PM,810
COAJ01,BECKY,SHCW,07/28/2018,3:10:00 PM,910
DD01,KELLY,SBD,07/28/2018,3:50:00 PM,950
HOC01,KELLY,CT,07/28/2018,9:00:00 AM,540
HOC01,KELLY,SHCW,07/28/2018,10:00:00 AM,600
IRWE01,JOANNE,CTU,07/28/2018,9:50:00 AM,590
IRWE01,BECKY,SHCM,07/28/2018,11:00:00 AM,660
JOYA01,BECKY,SHCW,07/28/2018,9:50:00 AM,590
KELA01,JJ,SDUD,07/28/2018,8:00:00 AM,480
KELR01,BECKY,SBD,07/28/2018,8:00:00 AM,480
KOMK01,KELLY,SHCW,07/28/2018,12:20:00 PM,740
MARM01,JOANNE,CFC,07/28/2018,3:00:00 PM,900
NELT01,BECKY,SBD,07/28/2018,2:30:00 PM,870
NEML01,JJ,SBD,07/28/2018,3:50:00 PM,950
PERB01,JJ,SBD,07/28/2018,3:00:00 PM,900
RUMJ02,JOANNE,CHLPL,07/28/2018,9:00:00 AM,540
SARK01,JOANNE,CON,07/28/2018,11:30:00 AM,690
TOLM01,KELLY,SHCW,07/28/2018,3:00:00 PM,900
ALIA01,BECKY,SHCM,07/29/2018,12:00:00 PM,720
APTM01,JJ,SHCM,07/29/2018,11:00:00 AM,660
KOOM02,JJ,SHCM,07/29/2018,12:00:00 PM,720
RIHM01,BECKY,SBD,07/29/2018,4:00:00 PM,960
SEEK01,BECKY,SBD,07/29/2018,2:30:00 PM,870
SPIJ01,BECKY,SHCM,07/29/2018,11:00:00 AM,660
TYRA01,JJ,SHCW,07/29/2018,1:00:00 PM,780
WONM02,JJ,SBD,07/29/2018,4:00:00 PM,960
BIAB01,KELLY,CHLPL,07/31/2018,11:00:00 AM,660
BIAB01,KELLY,SHCW,07/31/2018,12:30:00 PM,750
GHOP01,JOANNE,CALC,07/31/2018,11:20:00 AM,680
GHOP01,BECKY,SHCW,07/31/2018,12:50:00 PM,770
HENK01,JOANNE,CHLPL,07/31/2018,5:30:00 PM,1050
HENK01,JJ,SHCW,07/31/2018,7:10:00 PM,1150
KUKK01,JOANNE,CALC,07/31/2018,4:30:00 PM,990
KUKK01,BECKY,SHCW,07/31/2018,6:10:00 PM,1090
LINR01,JJ,SHCW,07/31/2018,1:00:00 PM,780
SARK01,JOANNE,CHLFH,07/31/2018,1:30:00 PM,810
TAYL01,JOANNE,CHLFH,07/31/2018,12:10:00 PM,730
ARRM01,JOANNE,CTU,08/01/2018,10:00:00 AM,600
ARRM01,JJ,SHCW,08/01/2018,11:10:00 AM,670
COLG01,JOANNE,CTU,08/01/2018,2:30:00 PM,870
COLG01,JJ,SHCW,08/01/2018,3:40:00 PM,940
GALB01,JJ,SHCM,08/01/2018,5:30:00 PM,1050
SLEA01,JJ,SHCM,08/01/2018,12:30:00 PM,750
BUDG02,BECKY,SHCM,08/02/2018,5:10:00 PM,1030
CEEJ01,JJ,SHCW,08/02/2018,10:00:00 AM,600
ERWS01,JOANNE,CALC,08/02/2018,5:00:00 PM,1020
ERWS01,JJ,SHCW,08/02/2018,6:40:00 PM,1120
MICK02,TANYA,CON,08/02/2018,9:00:00 AM,540
REIM01,BECKY,SHCM,08/02/2018,12:30:00 PM,750
STOD01,BECKY,SHCM,08/02/2018,8:00:00 AM,480
BROS01,BECKY,SHCW,08/03/2018,10:40:00 AM,640
CHEW01,JJ,SHCW,08/03/2018,10:00:00 AM,600
KRAV01,KELLY,CDPB,08/03/2018,12:00:00 PM,720
KRAV01,KELLY,SMARTBOND,08/03/2018,12:30:00 PM,750
MESN01,BECKY,SBD,08/03/2018,5:10:00 PM,1030
NICP01,BECKY,SHCM,08/03/2018,4:20:00 PM,980
SIRM01,BECKY,SBD,08/03/2018,9:00:00 AM,540
YATT01,BECKY,SHCM,08/03/2018,9:50:00 AM,590
KOSI01,JOANNE,CTU,08/04/2018,10:30:00 AM,630
KOSI01,JJ,SHCW,08/04/2018,11:50:00 AM,710
MOLA01,JJ,SHCW,08/04/2018,10:30:00 AM,630
TUMM01,JOANNE,CTU,08/04/2018,9:00:00 AM,540
TUMM01,KELLY,SHCW,08/04/2018,10:20:00 AM,620
WONM02,JJ,SBD,08/04/2018,4:00:00 PM,960
JOHD01,BECKY,SHCM,08/07/2018,7:00:00 PM,1140
LAWJ01,BECKY,SHCM,08/07/2018,5:00:00 PM,1020
LEHJ01,JJ,SHCM,08/07/2018,6:00:00 PM,1080
MARD01,BECKY,SHCW,08/07/2018,10:00:00 AM,600
OWED01,BECKY,SHCM,08/07/2018,1:30:00 PM,810
SKUD01,BECKY,SBD,08/07/2018,11:00:00 AM,660
WOOJ01,BECKY,SBD,08/07/2018,6:20:00 PM,1100
COLG01,JJ,SBD,08/08/2018,9:00:00 AM,540
LEEO01,JOANNE,CTU,08/08/2018,10:30:00 AM,630
POTR01,JJ,SHCM,08/08/2018,6:00:00 PM,1080
TAYJ01,JJ,SHCW,08/08/2018,5:00:00 PM,1020
WOOD01,JOANNE,CTU,08/08/2018,10:00:00 AM,600
WOOD01,JJ,SHCW,08/08/2018,11:10:00 AM,670
BANR01,JOANNE,CTU,08/09/2018,10:00:00 AM,600
BANR01,BECKY,SBD,08/09/2018,11:30:00 AM,690
BROS01,BECKY,SBD,08/09/2018,2:00:00 PM,840
CARB01,BECKY,FRI,08/09/2018,5:50:00 PM,1070
GELK01,JJ,SHCW,08/09/2018,1:10:00 PM,790
MESN01,BECKY,SBD,08/09/2018,9:00:00 AM,540
SIDA01,BECKY,SHCW,08/09/2018,10:20:00 AM,620
TAYN01,JJ,SHCW,08/09/2018,11:30:00 AM,690
FLEL01,BECKY,SHCM,08/10/2018,3:00:00 PM,900
HAMN01,JOANNE,CALC,08/10/2018,11:40:00 AM,700
LEGB01,KELLY,SHCW,08/10/2018,6:00:00 PM,1080
LIND01,JOANNE,CFC,08/10/2018,12:30:00 PM,750
LIND01,BECKY,SBD,08/10/2018,2:00:00 PM,840
MARK01,BECKY,CON,08/10/2018,5:50:00 PM,1070
PENM01,JOANNE,CFC,08/10/2018,11:00:00 AM,660
PENM01,BECKY,SBD,08/10/2018,12:30:00 PM,750
SIRM01,BECKY,SBD,08/10/2018,9:00:00 AM,540
BYRP01,BECKY,SHCW,08/11/2018,8:00:00 AM,480
SHAA01,BECKY,SHCM,08/11/2018,10:00:00 AM,600
YANC01,JOANNE,CTU,08/11/2018,10:00:00 AM,600
BRAN01,BECKY,SHCM,08/12/2018,11:00:00 AM,660
GRIA01,BECKY,SHCW,08/14/2018,10:00:00 AM,600
GRIP01,BECKY,SHCM,08/14/2018,11:10:00 AM,670
KIRJ01,KELLY,SHCM,08/14/2018,8:10:00 AM,490
MOIB01,JOANNE,CTU,08/14/2018,5:00:00 PM,1020
PIPJ01,JJ,SHCM,08/14/2018,5:40:00 PM,1060
SMIL01,JJ,SHCM,08/14/2018,9:00:00 AM,540
VERD01,KELLY,SHCM,08/14/2018,3:00:00 PM,900
WEIA01,JJ,SHCW,08/14/2018,2:30:00 PM,870
WONM02,JJ,SBD,08/14/2018,8:00:00 AM,480
DOLD01,JJ,SHCW,08/15/2018,3:00:00 PM,900
GOSD01,JOANNE,CHLPL,08/15/2018,10:00:00 AM,600
GOSD01,JJ,SHCW,08/15/2018,11:40:00 AM,700
LEVL01,JJ,SHCW,08/15/2018,10:00:00 AM,600
JOHJ01,JOANNE,CHLPL,08/16/2018,5:30:00 PM,1050
RICP01,BECKY,SHCW,08/16/2018,8:00:00 AM,480
SLUS01,JJ,SHCM,08/16/2018,11:00:00 AM,660
WIL*01,JOANNE,CTU,08/16/2018,10:30:00 AM,630
WIL*01,JJ,SHCW,08/16/2018,11:50:00 AM,710
BROS01,BECKY,SBD,08/17/2018,9:50:00 AM,590
CAND01,JJ,SHCM,08/17/2018,2:00:00 PM,840
CAND01,JJ,CCAMO,08/17/2018,2:50:00 PM,890
DANJ03,JJ,SHCW,08/17/2018,10:00:00 AM,600
HOLL01,JOANNE,CALC,08/17/2018,12:30:00 PM,750
HOLL01,TANYA,SBD,08/17/2018,2:10:00 PM,850
KLEA01,BECKY,SHCM,08/17/2018,10:30:00 AM,630
MUMK01,JOANNE,CTU,08/17/2018,12:00:00 PM,720
MUMK01,JJ,SHCW,08/17/2018,1:10:00 PM,790
PARS01,JOANNE,CHLPL,08/17/2018,11:00:00 AM,660
PARS01,BECKY,SHCW,08/17/2018,1:00:00 PM,780
SCHP01,JOANNE,CAL,08/17/2018,2:00:00 PM,840
SCHP01,BECKY,SHCW,08/17/2018,3:00:00 PM,900
SIRM01,BECKY,SBD,08/17/2018,9:00:00 AM,540
BOTJ01,JJ,SHCW,08/18/2018,3:00:00 PM,900
SPEK01,JOANNE,CTU,08/18/2018,10:00:00 AM,600
SPEK01,JJ,SHCW,08/18/2018,11:20:00 AM,680
WONM02,JJ,SBD,08/18/2018,4:00:00 PM,960
BURL01,JOANNE,CHLPHC,08/21/2018,11:00:00 AM,660
HENB01,JJ,SHCM,08/21/2018,10:50:00 AM,650
NIES02,JJ,SHCM,08/21/2018,10:00:00 AM,600
.L01,JJ,SHCW,08/22/2018,11:00:00 AM,660
BROS01,BECKY,SBD,08/23/2018,2:00:00 PM,840
HERD01,KELLY,SHCW,08/23/2018,6:30:00 PM,1110
LYNG01,JJ,SHCM,08/23/2018,9:00:00 AM,540
MAKM01,BECKY,SHCM,08/23/2018,4:30:00 PM,990
ANDE03,KELLY,SHCW,08/24/2018,11:00:00 AM,660
BORJ01,JJ,SHCM,08/24/2018,5:00:00 PM,1020
SIRM01,BECKY,SBD,08/24/2018,9:00:00 AM,540
FZUA01,BECKY,SHCW,08/25/2018,3:00:00 PM,900
HELJ01,BECKY,SHCM,08/25/2018,10:20:00 AM,620
IRWE01,JOANNE,CTU,08/25/2018,9:50:00 AM,590
IRWE01,BECKY,SHCM,08/25/2018,11:10:00 AM,670
MARG01,JJ,SHCM,08/25/2018,9:30:00 AM,570
METJ01,BECKY,SHCW,08/25/2018,9:10:00 AM,550
METJ01,BECKY,TRE 1,08/25/2018,10:10:00 AM,610
SARA01,JJ,SHCM,08/25/2018,10:20:00 AM,620
WONM02,JJ,SBD,08/26/2018,4:00:00 PM,960
BROS02,BECKY,SHCM,08/28/2018,6:20:00 PM,1100
FLAD01,BECKY,SHCM,08/28/2018,5:30:00 PM,1050
FLAS01,JOANNE,CFC,08/28/2018,5:30:00 PM,1050
FLAS01,BECKY,SHCW,08/28/2018,7:00:00 PM,1140
MELE01,BECKY,SHCM,08/28/2018,10:00:00 AM,600
BENC01,JOANNE,CTU,08/29/2018,3:00:00 PM,900
COLJ01,JJ,SHCM,08/29/2018,9:10:00 AM,550
BROS01,BECKY,SBD,08/30/2018,2:00:00 PM,840
SIDA01,BECKY,SHCW,08/30/2018,10:20:00 AM,620
BERI01,JJ,SHCM,08/31/2018,9:00:00 AM,540
BOTN01,BECKY,SHCM,08/31/2018,9:50:00 AM,590
KINN01,JJ,SHCW,08/31/2018,12:00:00 PM,720
KOOM01,JJ,SHCW,08/31/2018,11:00:00 AM,660
SCHC01,JOANNE,CHLPL,08/31/2018,3:00:00 PM,900
SIRM01,BECKY,SBD,08/31/2018,9:00:00 AM,540
SMIS01,JOANNE,CHLFH,09/01/2018,10:30:00 AM,630
SMIS01,JJ,SHCW,09/01/2018,12:30:00 PM,750
WONM02,JJ,SBD,09/01/2018,4:00:00 PM,960
BROS01,BECKY,SBD,09/04/2018,2:00:00 PM,840
NELT01,BECKY,SBD,09/04/2018,10:00:00 AM,600
SMIC01,BECKY,SHCW,09/06/2018,5:00:00 PM,1020
SIRM01,BECKY,SBD,09/07/2018,9:00:00 AM,540
CHIT01,JJ,SHCW,09/08/2018,4:00:00 PM,960
MARM01,JOANNE,CFC,09/08/2018,3:00:00 PM,900
NELT01,BECKY,SBD,09/09/2018,11:00:00 AM,660
WONM02,JJ,SBD,09/09/2018,4:00:00 PM,960
BROS01,BECKY,SBD,09/11/2018,2:00:00 PM,840
HEIM01,BECKY,SHCW,09/11/2018,4:00:00 PM,960
SLUS01,JJ,SHCM,09/12/2018,11:00:00 AM,660
LYNG01,JJ,SHCM,09/13/2018,9:00:00 AM,540
CHEW01,JJ,SHCW,09/14/2018,10:00:00 AM,600
SIRM01,BECKY,SBD,09/14/2018,9:00:00 AM,540
WONM02,JJ,SBD,09/15/2018,4:00:00 PM,960
BROS01,TANYA,SBD,09/18/2018,2:00:00 PM,840
KUCM02,JJ,SHCW,09/21/2018,5:30:00 PM,1050
PAE01,KELLY,CHLPL,09/21/2018,4:00:00 PM,960
PAE01,KELLY,CT,09/21/2018,5:20:00 PM,1040
SARM01,JOANNE,CFC,09/21/2018,11:00:00 AM,660
SARM01,JJ,SHCW,09/21/2018,12:20:00 PM,740
SIRM01,BECKY,SBD,09/21/2018,9:00:00 AM,540
WEIA01,JJ,SHCW,09/21/2018,1:30:00 PM,810
GREC01,KELLY,SBD,09/22/2018,10:30:00 AM,630
GREL01,BECKY,SBD,09/22/2018,10:30:00 AM,630
RUMJ02,JOANNE,CHLPL,09/22/2018,10:00:00 AM,600
RUMJ02,JJ,SHCW,09/22/2018,11:30:00 AM,690
WANM01,BECKY,SHCW,09/23/2018,2:00:00 PM,840
WONM02,JJ,SBD,09/23/2018,4:00:00 PM,960
SIDA01,BECKY,SHCW,09/25/2018,10:20:00 AM,620
BROS01,BECKY,SBD,09/28/2018,1:00:00 PM,780
SIRM01,BECKY,SBD,09/28/2018,9:00:00 AM,540
BURT01,JOANNE,CALC,09/29/2018,9:00:00 AM,540
BURT01,JJ,SHCM,09/29/2018,10:10:00 AM,610
SLUS01,JJ,SHCM,10/10/2018,11:00:00 AM,660
KOOM01,JJ,SHCW,10/12/2018,11:00:00 AM,660
CHEW01,JJ,SHCW,11/02/2018,10:00:00 AM,600
SLUS01,JJ,SHCM,11/07/2018,11:00:00 AM,660
KOOM01,JJ,SHCW,11/23/2018,11:00:00 AM,660
SLUS01,JJ,SHCM,12/05/2018,11:10:00 AM,670
CHEW01,JJ,SHCW,12/21/2018,10:00:00 AM,600
KOOM01,JJ,SHCW,01/04/2019,11:00:00 AM,660
KOOM01,JJ,SHCW,02/15/2019,11:00:00 AM,660